timestamp_data_utc,elv_spy,speed,soc,amb_temp,soh,regenwh,Motor Pwr(w),Aux Pwr(100w),Motor Temp,Torque Nm,rpm,route_id,longitude,latitude,altitude,timestamp_gps_utc,car_id,time_diff,point_geom,route_code,route_description,driver,start_timestamp,end_timestamp,car_code,car_description,capacity,ref_consumption,timestamp_weather_utc,wind_mph,wind_kph,wind_degree,wind_dir,Frontal_Wind,Veh_deg,totalVehicles,speedAvg,cars_by_speed_interval_0_80,cars_by_speed_interval_80_100,cars_by_speed_interval_100_120,cars_by_speed_interval_0_50,cars_by_speed_interval_50_80,cars_by_speed_interval_80_120,cars_by_speed_interval_120_inf,cars_by_length_interval_0_7,cars_by_length_interval_7_inf,max_speed,radius
53:42.3,,,68,,98.5,,,,,,,40,-2.1656372999999998,43.28079,59.52178000000001,53:42.0,6,0.341,0101000020E61000009C7020A5395301C0D69E40D0F0A34540,20230420_DACIA_ZARAUTZ_DONOSTIA_040,,d1,53:40.9,12:06.9,DACIA_SPRING,Dacia Spring 33 kW,33000,139,51:35.7,4.3,6.8,170,S,-0.017388499079365433,9.853486956603973,34,60,,,,6.0,26.0,2.0,0,30,4,25,6
53:47.8,,,68,,98.5,,,,,,,40,-2.1652055,43.280865000000006,56.89664499999999,53:48.0,6,-0.209,0101000020E610000066AA6834575201C0485D2168F3A34540,20230420_DACIA_ZARAUTZ_DONOSTIA_040,,d1,53:40.9,12:06.9,DACIA_SPRING,Dacia Spring 33 kW,33000,139,55:56.1,4.3,6.8,170,S,0.11949473613463085,11.00689654033712,34,60,,,,6.0,26.0,2.0,0,30,4,25,6
53:53.3,,,68,,98.5,,,,,,,40,-2.1647942000000002,43.280945,56.727540000000005,53:53.0,6,0.24,0101000020E6100000A2734D907F5101C03E72ACFCF5A34540,20230420_DACIA_ZARAUTZ_DONOSTIA_040,,d1,53:40.9,12:06.9,DACIA_SPRING,Dacia Spring 33 kW,33000,139,55:56.1,4.3,6.8,170,S,-0.46627105627866616,6.068184873936365,34,60,,,,6.0,26.0,2.0,0,30,4,8,6
53:58.7,,,68,,98.5,,,,,,,40,-2.1640887,43.28102,56.814358,53:59.0,6,-0.299,0101000020E61000002CD05BB90D5001C04A45F67EF8A34540,20230420_DACIA_ZARAUTZ_DONOSTIA_040,,d1,53:40.9,12:06.9,DACIA_SPRING,Dacia Spring 33 kW,33000,139,55:56.1,4.3,6.8,170,S,-0.39057867023757825,6.707230499157084,34,60,,,,6.0,26.0,2.0,0,30,4,8,6
54:04.4,,,68,,98.5,,,,,,,40,-2.1635785,43.281079999999996,57.270042000000004,54:04.2,6,0.27,0101000020E61000006C94F030024F01C0E1E24E59FAA34540,20230420_DACIA_ZARAUTZ_DONOSTIA_040,,d1,53:40.9,12:06.9,DACIA_SPRING,Dacia Spring 33 kW,33000,139,55:56.1,4.3,6.8,170,S,-0.8683285327502234,2.663563076671595,34,60,,,,6.0,26.0,2.0,0,30,4,8,6
54:10.2,,,68,,98.5,,,,,,,40,-2.1626327,43.281124,57.207664,54:10.2,6,0.004,0101000020E61000000217AA5E124D01C027FEA8DEFBA34540,20230420_DACIA_ZARAUTZ_DONOSTIA_040,,d1,53:40.9,12:06.9,DACIA_SPRING,Dacia Spring 33 kW,33000,139,55:56.1,4.3,6.8,170,S,-0.5447291837564351,5.405270489036373,34,60,,,,6.0,26.0,2.0,0,30,4,25,6
54:15.8,,,68,,98.5,,,,,,,40,-2.1620619999999997,43.281178000000004,56.110527000000005,54:16.2,6,-0.39,0101000020E61000004B6CB42DE74B01C020767295FDA34540,20230420_DACIA_ZARAUTZ_DONOSTIA_040,,d1,53:40.9,12:06.9,DACIA_SPRING,Dacia Spring 33 kW,33000,139,55:56.1,4.3,6.8,170,S,-0.6144246498773253,4.815879594385,34,60,,,,6.0,26.0,2.0,0,30,4,25,6
54:21.4,,,68,,98.5,,,,,,,40,-2.1617534,43.281203999999995,56.579712,54:21.3,6,0.138,0101000020E610000057DE116C454B01C0F27F3879FEA34540,20230420_DACIA_ZARAUTZ_DONOSTIA_040,,d1,53:40.9,12:06.9,DACIA_SPRING,Dacia Spring 33 kW,33000,139,55:56.1,4.3,6.8,170,S,6.561057335535859,84.76613835286003,34,60,,,,6.0,26.0,2.0,0,30,4,25,6
54:27.0,,,68,,98.5,,,,,,,40,-2.1617174,43.281597,57.518105000000006,54:27.3,6,-0.341,0101000020E610000061033989324B01C0396A95660BA44540,20230420_DACIA_ZARAUTZ_DONOSTIA_040,,d1,53:40.9,12:06.9,DACIA_SPRING,Dacia Spring 33 kW,33000,139,55:56.1,4.3,6.8,170,S,5.36692375751407,62.115803955549424,34,60,,,,6.0,26.0,2.0,0,30,4,25,6
54:33.7,,,68,,98.5,,,,,,,40,-2.161483,43.28204,57.589676000000004,54:33.6,6,0.18100000000000002,0101000020E6100000BC952F9FB74A01C05A41E2D819A44540,20230420_DACIA_ZARAUTZ_DONOSTIA_040,,d1,53:40.9,12:06.9,DACIA_SPRING,Dacia Spring 33 kW,33000,139,55:56.1,4.3,6.8,170,S,5.086475304885282,58.418383481953676,34,60,,,,6.0,26.0,2.0,0,30,4,25,6
54:42.9,,,68,,98.5,,,,,,,40,-2.1612248,43.28246,58.38313,54:43.2,6,-0.289,0101000020E610000009746D3B304A01C000DBD0A027A44540,20230420_DACIA_ZARAUTZ_DONOSTIA_040,,d1,53:40.9,12:06.9,DACIA_SPRING,Dacia Spring 33 kW,33000,139,55:56.1,4.3,6.8,170,S,0.9731150866124776,18.227568546565166,34,60,,,,6.0,26.0,2.0,0,30,4,25,6
54:51.4,,,68,,98.5,,,,,,,40,-2.1601377,43.282818,59.0117,54:51.5,6,-0.10300000000000001,0101000020E6100000E44C4231F64701C09B573B5233A44540,20230420_DACIA_ZARAUTZ_DONOSTIA_040,,d1,53:40.9,12:06.9,DACIA_SPRING,Dacia Spring 33 kW,33000,139,55:56.1,4.3,6.8,170,S,1.4815117555296102,22.583921938022822,34,60,,,,6.0,26.0,2.0,0,30,4,25,7
54:58.8,,,68,,98.5,,,,,,,40,-2.1595150000000003,43.283077,58.873158,54:58.5,6,0.27,0101000020E6100000BCE746B9AF4601C0D44D27DD3BA44540,20230420_DACIA_ZARAUTZ_DONOSTIA_040,,d1,53:40.9,12:06.9,DACIA_SPRING,Dacia Spring 33 kW,33000,139,55:56.1,4.3,6.8,170,S,-0.14811270863892387,8.751925845157166,34,60,,,,6.0,26.0,2.0,0,30,4,25,7
55:04.3,,,68,,98.5,,,,,,,40,-2.1592162,43.283122999999996,58.147296999999995,55:04.6,6,-0.259,0101000020E61000004896F617134601C0E817B1533DA44540,20230420_DACIA_ZARAUTZ_DONOSTIA_040,,d1,53:40.9,12:06.9,DACIA_SPRING,Dacia Spring 33 kW,33000,139,55:56.1,4.3,6.8,170,S,-0.21988145827679131,8.146988821324708,34,60,,,,6.0,26.0,2.0,0,30,4,25,7
55:09.7,,,68,,98.5,,,,,,,40,-2.1589787,43.283157,57.089245,55:09.6,6,0.09,0101000020E61000008396C9A4964501C0F77AA5733EA44540,20230420_DACIA_ZARAUTZ_DONOSTIA_040,,d1,53:40.9,12:06.9,DACIA_SPRING,Dacia Spring 33 kW,33000,139,55:56.1,4.3,6.8,170,S,-1.3934166166763011,-1.8244769336432547,34,60,,,,6.0,26.0,2.0,0,30,4,25,7
55:15.2,,,68,,98.5,,,,,,,40,-2.1585077999999998,43.283142,58.616530000000004,55:15.7,6,-0.43200000000000005,0101000020E6100000428218B59F4401C0220D94FB3DA44540,20230420_DACIA_ZARAUTZ_DONOSTIA_040,,d1,53:40.9,12:06.9,DACIA_SPRING,Dacia Spring 33 kW,33000,139,55:56.1,4.3,6.8,170,S,-1.0882400521102749,0.7910547318951454,34,60,,,,6.0,26.0,2.0,0,30,4,8,7
55:20.6,,,68,,98.5,,,,,,,40,-2.1582181,43.283146,59.66081,55:20.7,6,-0.092,0101000020E6100000885D2EE4074401C071B8881F3EA44540,20230420_DACIA_ZARAUTZ_DONOSTIA_040,,d1,53:40.9,12:06.9,DACIA_SPRING,Dacia Spring 33 kW,33000,139,55:56.1,4.3,6.8,170,S,-2.3580036420928563,-10.289589971173726,34,60,,,,6.0,26.0,2.0,0,30,4,8,7
55:26.1,,,68,,98.5,,,,,,,40,-2.1580197999999995,43.28311,60.30061,55:25.8,6,0.34,0101000020E610000075D58CD79F4301C0EA23FDF83CA44540,20230420_DACIA_ZARAUTZ_DONOSTIA_040,,d1,53:40.9,12:06.9,DACIA_SPRING,Dacia Spring 33 kW,33000,139,55:56.1,4.3,6.8,170,S,-1.5033409512698253,-2.7724481611616296,34,60,,,,6.0,26.0,2.0,0,30,4,8,7
55:31.8,,,68,,98.5,,,,,,,40,-2.1579785,43.283108,59.740931999999994,55:31.8,6,-0.033,0101000020E6100000FDFDDB438A4301C06DB6E4DB3CA44540,20230420_DACIA_ZARAUTZ_DONOSTIA_040,,d1,53:40.9,12:06.9,DACIA_SPRING,Dacia Spring 33 kW,33000,139,55:56.1,4.3,6.8,170,S,-1.9229027828091423,-6.426183404896007,34,60,,,,6.0,26.0,2.0,0,30,4,8,7
55:37.4,,,68,,98.5,,,,,,,40,-2.1577299,43.28308,59.15797,55:36.9,6,0.449,0101000020E61000009E8611E1074301C08FE4D4F13BA44540,20230420_DACIA_ZARAUTZ_DONOSTIA_040,,d1,53:40.9,12:06.9,DACIA_SPRING,Dacia Spring 33 kW,33000,139,55:56.1,4.3,6.8,170,S,-2.5657228157314793,-12.167291882873437,34,60,,,,6.0,26.0,2.0,0,30,4,8,7
55:43.0,,,68,,98.5,,,,,,,40,-2.157498,43.28303,58.21123000000001,55:42.9,6,0.08199999999999999,0101000020E6100000046F94368E4201C089E7A2593AA44540,20230420_DACIA_ZARAUTZ_DONOSTIA_040,,d1,53:40.9,12:06.9,DACIA_SPRING,Dacia Spring 33 kW,33000,139,55:56.1,4.3,6.8,170,S,-1.5516816235459308,-3.1904430685131895,34,60,,,,6.0,26.0,2.0,0,30,4,8,7
55:48.7,,,68,,98.5,,,,,,,40,-2.1573186,43.28302,57.0695,55:48.9,6,-0.24,0101000020E6100000E620763F304201C0D012EC0F3AA44540,20230420_DACIA_ZARAUTZ_DONOSTIA_040,,d1,53:40.9,12:06.9,DACIA_SPRING,Dacia Spring 33 kW,33000,139,55:56.1,4.3,6.8,170,S,-1.180807608135126,0.0,34,60,,,,6.0,26.0,2.0,0,30,4,25,7
55:54.3,,,68,,98.5,,,,,,,40,-2.1571154999999997,43.28302,56.13936999999999,55:54.0,6,0.259,0101000020E6100000474D3DB5C54101C0160406083AA44540,20230420_DACIA_ZARAUTZ_DONOSTIA_040,,d1,53:40.9,12:06.9,DACIA_SPRING,Dacia Spring 33 kW,33000,139,55:56.1,4.3,6.8,170,S,-1.959445378731698,-6.747454899724199,34,60,,,,6.0,26.0,2.0,0,30,4,25,7
55:59.8,,,68,,98.5,,,,,,,40,-2.1569211,43.282996999999995,56.919003000000004,56:00.2,6,-0.43799999999999994,0101000020E6100000660D28E65F4101C01A66623639A44540,20230420_DACIA_ZARAUTZ_DONOSTIA_040,,d1,53:40.9,12:06.9,DACIA_SPRING,Dacia Spring 33 kW,33000,139,55:56.1,4.3,6.8,170,S,-5.704255251024068,-47.02004574353372,34,60,,,,6.0,26.0,2.0,0,30,4,25,7
56:05.5,,,68,,98.5,,,,,,,40,-2.1566257,43.28268,58.504819999999995,56:05.1,6,0.405,0101000020E610000097D66DFDC44001C099B4C5D52EA44540,20230420_DACIA_ZARAUTZ_DONOSTIA_040,,d1,53:40.9,12:06.9,DACIA_SPRING,Dacia Spring 33 kW,33000,139,55:56.1,4.3,6.8,170,S,-6.624831754196764,-93.03309573827114,34,60,,,,6.0,26.0,2.0,0,30,4,45,7
56:10.9,,,68,,98.5,,,,,,,40,-2.1566665,43.281909999999996,59.52778000000001,56:11.1,6,-0.209,0101000020E6100000D9568F55DA4001C05D4D62AE15A44540,20230420_DACIA_ZARAUTZ_DONOSTIA_040,,d1,53:40.9,12:06.9,DACIA_SPRING,Dacia Spring 33 kW,33000,139,55:56.1,4.3,6.8,170,S,-6.585537531739348,-94.42802551159328,34,60,,,,6.0,26.0,2.0,0,30,4,45,7
56:16.4,,,68,,98.5,,,,,,,40,-2.156707,43.281387,59.250473,56:16.1,6,0.33,0101000020E610000072B990A8EF4001C04A29CD8C04A44540,20230420_DACIA_ZARAUTZ_DONOSTIA_040,,d1,53:40.9,12:06.9,DACIA_SPRING,Dacia Spring 33 kW,33000,139,56:35.8,4.3,6.8,170,S,-6.569119482370156,-94.9731556630692,34,60,,,,6.0,26.0,2.0,0,30,4,8,7
56:21.9,,,68,,98.5,,,,,,,40,-2.1567385,43.281025,57.76395,56:22.2,6,-0.3,0101000020E610000074C34611004101C04D53E8A6F8A34540,20230420_DACIA_ZARAUTZ_DONOSTIA_040,,d1,53:40.9,12:06.9,DACIA_SPRING,Dacia Spring 33 kW,33000,139,56:35.8,4.3,6.8,170,S,-6.010788954317291,-107.8786965960092,34,60,,,,6.0,26.0,2.0,0,30,4,8,7
56:27.4,,,68,,98.5,,,,,,,40,-2.1567485,43.280994,57.73328000000001,56:27.2,6,0.221,0101000020E6100000F6B1B95E054101C0F0220991F7A34540,20230420_DACIA_ZARAUTZ_DONOSTIA_040,,d1,53:40.9,12:06.9,DACIA_SPRING,Dacia Spring 33 kW,33000,139,56:35.8,4.3,6.8,170,S,-1.180807608135126,0.0,34,60,,,,6.0,26.0,2.0,0,30,4,8,7
56:33.1,,,68,,98.5,,,,,,,40,-2.1567485,43.280994,57.73328000000001,56:33.3,6,-0.159,0101000020E6100000F6B1B95E054101C0F0220991F7A34540,20230420_DACIA_ZARAUTZ_DONOSTIA_040,,d1,53:40.9,12:06.9,DACIA_SPRING,Dacia Spring 33 kW,33000,139,56:35.8,4.3,6.8,170,S,-1.180807608135126,0.0,34,60,,,,6.0,26.0,2.0,0,30,4,8,7
56:38.6,,,68,,98.5,,,,,,,40,-2.1567485,43.280994,57.73328000000001,56:38.3,6,0.35,0101000020E6100000F6B1B95E054101C0F0220991F7A34540,20230420_DACIA_ZARAUTZ_DONOSTIA_040,,d1,53:40.9,12:06.9,DACIA_SPRING,Dacia Spring 33 kW,33000,139,56:35.8,4.3,6.8,170,S,-6.733754110754982,-71.99583839216882,34,60,,,,6.0,26.0,2.0,0,30,4,8,7
56:44.3,,,68,,98.5,,,,,,,40,-2.1567407000000003,43.28097,58.441364,56:44.3,6,-0.047,0101000020E610000056432E4C014101C03086D0DFF6A34540,20230420_DACIA_ZARAUTZ_DONOSTIA_040,,d1,53:40.9,12:06.9,DACIA_SPRING,Dacia Spring 33 kW,33000,139,56:35.8,4.3,6.8,170,S,-6.795523498977572,-77.92089536896549,34,60,,,,6.0,26.0,2.0,0,30,4,8,7
56:49.8,,,68,,98.5,,,,,,,40,-2.15673,43.28092,60.5908,56:49.4,6,0.45,0101000020E61000008ACE23A0FB4001C05ECC8618F5A34540,20230420_DACIA_ZARAUTZ_DONOSTIA_040,,d1,53:40.9,12:06.9,DACIA_SPRING,Dacia Spring 33 kW,33000,139,56:35.8,4.3,6.8,170,S,-1.180807608135126,0.0,34,60,,,,6.0,26.0,2.0,0,30,4,8,7
56:55.3,,,68,,98.5,,,,,,,40,-2.15673,43.28092,60.5908,56:55.4,6,-0.11699999999999999,0101000020E61000008ACE23A0FB4001C05ECC8618F5A34540,20230420_DACIA_ZARAUTZ_DONOSTIA_040,,d1,53:40.9,12:06.9,DACIA_SPRING,Dacia Spring 33 kW,33000,139,56:35.8,4.3,6.8,170,S,-1.180807608135126,0.0,34,60,,,,6.0,26.0,2.0,0,30,4,8,7
57:00.8,,,68,,98.5,,,,,,,40,-2.15673,43.28092,60.5908,57:00.4,6,0.33299999999999996,0101000020E61000008ACE23A0FB4001C05ECC8618F5A34540,20230420_DACIA_ZARAUTZ_DONOSTIA_040,,d1,53:40.9,12:06.9,DACIA_SPRING,Dacia Spring 33 kW,33000,139,56:35.8,4.3,6.8,170,S,-1.180807608135126,0.0,34,60,,,,6.0,26.0,2.0,0,30,4,8,7
57:06.3,,,68,,98.5,,,,,,,40,-2.15673,43.28092,60.5908,57:06.5,6,-0.21,0101000020E61000008ACE23A0FB4001C05ECC8618F5A34540,20230420_DACIA_ZARAUTZ_DONOSTIA_040,,d1,53:40.9,12:06.9,DACIA_SPRING,Dacia Spring 33 kW,33000,139,56:35.8,4.3,6.8,170,S,-1.180807608135126,0.0,34,60,,,,6.0,26.0,2.0,0,30,4,8,7
57:11.7,,,68,,98.5,,,,,,,40,-2.15673,43.28092,60.5908,57:11.5,6,0.142,0101000020E61000008ACE23A0FB4001C05ECC8618F5A34540,20230420_DACIA_ZARAUTZ_DONOSTIA_040,,d1,53:40.9,12:06.9,DACIA_SPRING,Dacia Spring 33 kW,33000,139,56:35.8,4.3,6.8,170,S,-1.180807608135126,0.0,34,60,,,,6.0,26.0,2.0,0,30,4,8,7
57:17.2,,,68,,98.5,,,,,,,40,-2.15673,43.28092,60.5908,57:17.6,6,-0.33,0101000020E61000008ACE23A0FB4001C05ECC8618F5A34540,20230420_DACIA_ZARAUTZ_DONOSTIA_040,,d1,53:40.9,12:06.9,DACIA_SPRING,Dacia Spring 33 kW,33000,139,56:35.8,4.3,6.8,170,S,-1.180807608135126,0.0,34,60,,,,6.0,26.0,2.0,0,30,4,8,7
57:22.6,,,68,,98.5,,,,,,,40,-2.15673,43.28092,60.5908,57:22.6,6,0.052000000000000005,0101000020E61000008ACE23A0FB4001C05ECC8618F5A34540,20230420_DACIA_ZARAUTZ_DONOSTIA_040,,d1,53:40.9,12:06.9,DACIA_SPRING,Dacia Spring 33 kW,33000,139,56:35.8,4.3,6.8,170,S,-1.180807608135126,0.0,34,60,,,,6.0,26.0,2.0,0,30,4,8,7
57:28.1,,,68,,98.5,,,,,,,40,-2.15673,43.28092,60.5908,57:28.6,6,-0.45,0101000020E61000008ACE23A0FB4001C05ECC8618F5A34540,20230420_DACIA_ZARAUTZ_DONOSTIA_040,,d1,53:40.9,12:06.9,DACIA_SPRING,Dacia Spring 33 kW,33000,139,56:35.8,4.3,6.8,170,S,-1.180807608135126,0.0,34,60,,,,6.0,26.0,2.0,0,30,4,8,7
57:33.8,,,68,,98.5,,,,,,,40,-2.15673,43.28092,60.5908,57:33.6,6,0.15,0101000020E61000008ACE23A0FB4001C05ECC8618F5A34540,20230420_DACIA_ZARAUTZ_DONOSTIA_040,,d1,53:40.9,12:06.9,DACIA_SPRING,Dacia Spring 33 kW,33000,139,56:35.8,4.3,6.8,170,S,-1.180807608135126,0.0,34,60,,,,6.0,26.0,2.0,0,30,4,8,7
57:39.3,,,68,,98.5,,,,,,,40,-2.15673,43.28092,60.5908,57:39.7,6,-0.33,0101000020E61000008ACE23A0FB4001C05ECC8618F5A34540,20230420_DACIA_ZARAUTZ_DONOSTIA_040,,d1,53:40.9,12:06.9,DACIA_SPRING,Dacia Spring 33 kW,33000,139,56:35.8,4.3,6.8,170,S,-6.783172332196528,-84.03166780280549,34,60,,,,6.0,26.0,2.0,0,30,4,8,7
57:44.8,,,68,,98.5,,,,,,,40,-2.1567254,43.280876,60.68314,57:44.7,6,0.08900000000000001,0101000020E6100000CC83F539F94001C076DB64B1F3A34540,20230420_DACIA_ZARAUTZ_DONOSTIA_040,,d1,53:40.9,12:06.9,DACIA_SPRING,Dacia Spring 33 kW,33000,139,56:35.8,4.3,6.8,170,S,-6.407577771859784,-99.56009648138664,34,60,,,,6.0,26.0,2.0,0,30,4,8,7
57:50.4,,,68,,98.5,,,,,,,40,-2.1567317999999998,43.280838,60.729411999999996,57:50.7,6,-0.337,0101000020E6100000B139B696FC4001C0ACB30389F2A34540,20230420_DACIA_ZARAUTZ_DONOSTIA_040,,d1,53:40.9,12:06.9,DACIA_SPRING,Dacia Spring 33 kW,33000,139,56:35.8,4.3,6.8,170,S,-6.799763613092482,-80.47774499017264,34,60,,,,6.0,26.0,2.0,0,30,4,8,7
57:56.1,,,68,,98.5,,,,,,,40,-2.1567266,43.280807,61.55535,57:55.8,6,0.3,0101000020E6100000BDD595D5F94001C08E03A28FF1A34540,20230420_DACIA_ZARAUTZ_DONOSTIA_040,,d1,53:40.9,12:06.9,DACIA_SPRING,Dacia Spring 33 kW,33000,139,56:35.8,4.3,6.8,170,S,6.726444687317614,108.434948868722,34,60,,,,6.0,26.0,2.0,0,30,4,8,7
58:01.6,,,68,,98.5,,,,,,,40,-2.1567276,43.280809999999995,61.603714000000004,58:01.8,6,-0.159,0101000020E610000099811D58FA4001C0780A7493F1A34540,20230420_DACIA_ZARAUTZ_DONOSTIA_040,,d1,53:40.9,12:06.9,DACIA_SPRING,Dacia Spring 33 kW,33000,139,56:35.8,4.3,6.8,170,S,-6.194640990540706,-104.35933654566212,34,60,,,,6.0,26.0,2.0,0,30,4,8,7
58:07.2,,,68,,98.5,,,,,,,40,-2.1567404,43.28076,62.319412,58:06.8,6,0.42200000000000004,0101000020E6100000363B041F014101C073DA4208F0A34540,20230420_DACIA_ZARAUTZ_DONOSTIA_040,,d1,53:40.9,12:06.9,DACIA_SPRING,Dacia Spring 33 kW,33000,139,56:35.8,4.3,6.8,170,S,1.1808076081351269,180.0,34,60,,,,6.0,26.0,2.0,0,30,4,8,7
58:12.6,,,68,,98.5,,,,,,,40,-2.1567515999999998,43.28076,62.538376,58:12.9,6,-0.22899999999999998,0101000020E610000078C55101074101C0218F9A00F0A34540,20230420_DACIA_ZARAUTZ_DONOSTIA_040,,d1,53:40.9,12:06.9,DACIA_SPRING,Dacia Spring 33 kW,33000,139,56:35.8,4.3,6.8,170,S,-6.47303105938281,-97.83989019694906,34,60,,,,6.0,26.0,2.0,0,30,4,8,7
58:18.1,,,68,,98.5,,,,,,,40,-2.1567695,43.28063,62.57723000000001,58:17.9,6,0.249,0101000020E61000007C26516A104101C0E05789A7EBA34540,20230420_DACIA_ZARAUTZ_DONOSTIA_040,,d1,53:40.9,12:06.9,DACIA_SPRING,Dacia Spring 33 kW,33000,139,56:35.8,4.3,6.8,170,S,-6.594555186605982,-94.11985698508569,34,60,,,,6.0,26.0,2.0,0,30,4,8,7
58:23.5,,,68,,98.5,,,,,,,40,-2.1568089,43.280083000000005,64.29326,58:23.9,6,-0.38799999999999996,0101000020E6100000618DB506254101C0D70E46C4D9A34540,20230420_DACIA_ZARAUTZ_DONOSTIA_040,,d1,53:40.9,12:06.9,DACIA_SPRING,Dacia Spring 33 kW,33000,139,56:35.8,4.3,6.8,170,S,-6.667639222486,-91.32321651006275,34,60,,,,6.0,26.0,2.0,0,30,4,8,7
58:29.1,,,68,,98.5,,,,,,,40,-2.1568252999999995,43.279373,65.4314,58:29.0,6,0.151,0101000020E6100000202750932D4101C02735F28EC2A34540,20230420_DACIA_ZARAUTZ_DONOSTIA_040,,d1,53:40.9,12:06.9,DACIA_SPRING,Dacia Spring 33 kW,33000,139,56:35.8,4.3,6.8,170,S,-6.675575233847605,-69.0225607786514,34,60,,,,6.0,26.0,2.0,0,30,4,45,7
58:34.6,,,68,,98.5,,,,,,,40,-2.1565826,43.27874,66.74005,58:35.0,6,-0.34700000000000003,0101000020E61000002D72925CAE4001C0BD1B5ECEADA34540,20230420_DACIA_ZARAUTZ_DONOSTIA_040,,d1,53:40.9,12:06.9,DACIA_SPRING,Dacia Spring 33 kW,33000,139,56:35.8,4.3,6.8,170,S,-0.47246586519665296,6.015863552645767,34,60,,,,6.0,26.0,2.0,0,30,4,45,7
58:40.2,,,68,,98.5,,,,,,,40,-2.1555388,43.27885,68.76841,58:40.0,6,0.11900000000000001,0101000020E61000003F12F62F8B3E01C06D044255B1A34540,20230420_DACIA_ZARAUTZ_DONOSTIA_040,,d1,53:40.9,12:06.9,DACIA_SPRING,Dacia Spring 33 kW,33000,139,56:35.8,4.3,6.8,170,S,-0.7521468424525184,3.649529233653406,34,60,,,,6.0,26.0,2.0,0,30,4,45,7
58:45.8,,,68,,98.5,,,,,,,40,-2.1540964,43.278942,68.76574000000001,58:46.0,6,-0.218,0101000020E61000005B7EF2D6963B01C0CF616A63B4A34540,20230420_DACIA_ZARAUTZ_DONOSTIA_040,,d1,53:40.9,12:06.9,DACIA_SPRING,Dacia Spring 33 kW,33000,139,56:35.8,4.3,6.8,170,S,-1.4190541836418236,-2.045268136354157,34,60,,,,6.0,26.0,2.0,0,30,4,45,7
58:51.3,,,68,,98.5,,,,,,,40,-2.1526403,43.278890000000004,68.81288,58:51.1,6,0.233,0101000020E6100000218ACA869B3801C0D23AC498B2A34540,20230420_DACIA_ZARAUTZ_DONOSTIA_040,,d1,53:40.9,12:06.9,DACIA_SPRING,Dacia Spring 33 kW,33000,139,00:56.1,4.3,6.8,170,S,-0.7487023869013004,3.6787300563748615,34,60,,,,6.0,26.0,2.0,0,30,4,25,7
58:56.9,,,68,,98.5,,,,,,,40,-2.1504006,43.279034,69.16935,58:57.1,6,-0.27,0101000020E61000000CDE3C4A053401C0D730A25DB7A34540,20230420_DACIA_ZARAUTZ_DONOSTIA_040,,d1,53:40.9,12:06.9,DACIA_SPRING,Dacia Spring 33 kW,33000,139,00:56.1,4.3,6.8,170,S,0.39152419802025357,13.300749582520718,34,60,,,,6.0,26.0,2.0,0,30,4,45,7
59:02.4,,,68,,98.5,,,,,,,40,-2.1487255000000003,43.27943,69.574486,59:02.2,6,0.27,0101000020E6100000909DD70A973001C0EE2E8B65C4A34540,20230420_DACIA_ZARAUTZ_DONOSTIA_040,,d1,53:40.9,12:06.9,DACIA_SPRING,Dacia Spring 33 kW,33000,139,00:56.1,4.3,6.8,170,S,1.9503626940493373,26.667552462281236,34,60,,,,6.0,26.0,2.0,0,30,4,25,8
59:08.1,,,67,,98.5,,,,,,,40,-2.1468937,43.28035,73.83999,59:08.2,6,-0.13,0101000020E61000009F384FACD62C01C04722C07EE2A34540,20230420_DACIA_ZARAUTZ_DONOSTIA_040,,d1,53:40.9,12:06.9,DACIA_SPRING,Dacia Spring 33 kW,33000,139,00:56.1,4.3,6.8,170,S,3.562431292379017,41.59334377742942,34,60,,,,6.0,26.0,2.0,0,30,4,8,8
59:13.6,,,67,,98.5,,,,,,,40,-2.1457074,43.281403000000005,75.37002,59:13.3,6,0.34,0101000020E6100000BC65F19C682A01C0D8BDC20805A44540,20230420_DACIA_ZARAUTZ_DONOSTIA_040,,d1,53:40.9,12:06.9,DACIA_SPRING,Dacia Spring 33 kW,33000,139,00:56.1,4.3,6.8,170,S,3.654794475566965,42.51156106664569,34,60,,,,6.0,26.0,2.0,0,30,4,85,8
59:19.2,,,67,,98.5,,,,,,,40,-2.14431,43.282684,76.25433000000001,59:19.3,6,-0.08,0101000020E6100000639993F48B2701C068173B072FA44540,20230420_DACIA_ZARAUTZ_DONOSTIA_040,,d1,53:40.9,12:06.9,DACIA_SPRING,Dacia Spring 33 kW,33000,139,00:56.1,4.3,6.8,170,S,1.5252746769027454,22.96201889204743,34,60,,,,6.0,26.0,2.0,0,30,4,8,8
59:24.6,,,66,,98.5,,,,,,,40,-2.1426673,43.28338,79.27163,59:24.3,6,0.309,0101000020E6100000B253E3C42E2401C054D335CB45A44540,20230420_DACIA_ZARAUTZ_DONOSTIA_040,,d1,53:40.9,12:06.9,DACIA_SPRING,Dacia Spring 33 kW,33000,139,00:56.1,4.3,6.8,170,S,-0.46613791069781374,6.069309384558552,34,60,,,,6.0,26.0,2.0,0,30,4,8,8
59:30.3,,,66,,98.5,,,,,,,40,-2.1405606,43.283604,83.886314,59:30.3,6,-0.07,0101000020E61000008E97A033DE1F01C0D77074164DA44540,20230420_DACIA_ZARAUTZ_DONOSTIA_040,,d1,53:40.9,12:06.9,DACIA_SPRING,Dacia Spring 33 kW,33000,139,00:56.1,4.3,6.8,170,S,-1.90961196324777,-6.309466682900715,34,60,,,,6.0,26.0,2.0,0,30,4,8,8
59:35.8,,,66,,98.5,,,,,,,40,-2.139005,43.283432,85.48957,59:35.4,6,0.461,0101000020E6100000A0C925AFAE1C01C02511068247A44540,20230420_DACIA_ZARAUTZ_DONOSTIA_040,,d1,53:40.9,12:06.9,DACIA_SPRING,Dacia Spring 33 kW,33000,139,00:56.1,4.3,6.8,170,S,-2.024222832842437,-7.318301403635453,34,60,,,,6.0,26.0,2.0,0,30,4,8,8
59:41.4,,,66,,98.5,,,,,,,40,-2.1372763999999997,43.28321,86.983284,59:41.4,6,0.013000000000000001,0101000020E6100000C2B79752241901C0A2849D4F40A44540,20230420_DACIA_ZARAUTZ_DONOSTIA_040,,d1,53:40.9,12:06.9,DACIA_SPRING,Dacia Spring 33 kW,33000,139,00:56.1,4.3,6.8,170,S,-0.9317732074890168,2.1242405431109153,34,60,,,,6.0,26.0,2.0,0,30,4,8,8
59:47.0,,,66,,98.5,,,,,,,40,-2.1359284,43.28326,88.00431,59:46.5,6,0.479,0101000020E610000010CAB0A0611601C06D4CF5DC41A44540,20230420_DACIA_ZARAUTZ_DONOSTIA_040,,d1,53:40.9,12:06.9,DACIA_SPRING,Dacia Spring 33 kW,33000,139,00:56.1,4.3,6.8,170,S,-1.3808199749013341,-1.7160598592165324,34,60,,,,6.0,26.0,2.0,0,30,4,8,8
59:52.7,,,66,,98.5,,,,,,,40,-2.1342595,43.28321,87.63973,59:52.5,6,0.179,0101000020E610000039F7B2A5F61201C012F3584F40A44540,20230420_DACIA_ZARAUTZ_DONOSTIA_040,,d1,53:40.9,12:06.9,DACIA_SPRING,Dacia Spring 33 kW,33000,139,00:56.1,4.3,6.8,170,S,-1.9580090610253695,-6.734817059204306,34,60,,,,6.0,26.0,2.0,0,30,4,120,8
59:58.2,,,66,,98.5,,,,,,,40,-2.1323965,43.282990000000005,85.69057,59:58.5,6,-0.28800000000000003,0101000020E61000009C83A1DF250F01C00A7FA50D39A44540,20230420_DACIA_ZARAUTZ_DONOSTIA_040,,d1,53:40.9,12:06.9,DACIA_SPRING,Dacia Spring 33 kW,33000,139,00:56.1,4.3,6.8,170,S,-2.01546907718793,-7.241057244734316,630,103,8.0,164.0,434.0,,,,24,581,49,120,9
00:03.7,,,66,,98.5,,,,,,,40,-2.130665,43.28277,83.8928,00:03.6,6,0.106,0101000020E6100000316802219A0B01C0C5B88AC331A44540,20230420_DACIA_ZARAUTZ_DONOSTIA_040,,d1,53:40.9,12:06.9,DACIA_SPRING,Dacia Spring 33 kW,33000,139,00:56.1,4.3,6.8,170,S,-1.8769468701366605,-6.022904011897289,608,105,7.0,122.0,425.0,,,,54,570,38,25,9
00:09.2,,,66,,98.5,,,,,,,40,-2.1283903,43.28253,81.115105,00:09.6,6,-0.43,0101000020E61000001B3DD87FF10601C0FA53A0F829A44540,20230420_DACIA_ZARAUTZ_DONOSTIA_040,,d1,53:40.9,12:06.9,DACIA_SPRING,Dacia Spring 33 kW,33000,139,00:56.1,4.3,6.8,170,S,-1.8799021067267467,-6.048812517961163,320,63,,,,20.0,298.0,2.0,0,292,28,8,8
00:14.7,,,66,,98.5,,,,,,,40,-2.1264274,43.282322,79.69293,00:14.6,6,0.054000000000000006,0101000020E6100000513CF654EC0201C0F9DDC61023A44540,20230420_DACIA_ZARAUTZ_DONOSTIA_040,,d1,53:40.9,12:06.9,DACIA_SPRING,Dacia Spring 33 kW,33000,139,00:56.1,4.3,6.8,170,S,-1.792151018863112,-5.280907598760114,608,105,7.0,122.0,425.0,,,,54,570,38,120,8
00:20.2,,,66,,98.5,,,,,,,40,-2.1241338,43.282109999999996,79.531364,00:20.7,6,-0.509,0101000020E61000005733CBDD39FE00C0B3BE94231CA44540,20230420_DACIA_ZARAUTZ_DONOSTIA_040,,d1,53:40.9,12:06.9,DACIA_SPRING,Dacia Spring 33 kW,33000,139,00:56.1,4.3,6.8,170,S,-1.1314016197851071,0.4224385813491639,608,105,7.0,122.0,425.0,,,,54,570,38,10,8
00:25.6,,,66,,98.5,,,,,,,40,-2.122235,43.282123999999996,81.700035,00:25.7,6,-0.091,0101000020E6100000DF66915356FA00C0DD02B8A21CA44540,20230420_DACIA_ZARAUTZ_DONOSTIA_040,,d1,53:40.9,12:06.9,DACIA_SPRING,Dacia Spring 33 kW,33000,139,00:56.1,4.3,6.8,170,S,-0.5647440072385265,5.236064544783778,608,105,7.0,122.0,425.0,,,,54,570,38,8,8
00:31.1,,,66,,98.5,,,,,,,40,-2.1204236,43.28229,83.01082,00:30.7,6,0.364,0101000020E61000001FEDBAA5A0F600C0EFB5C12D22A44540,20230420_DACIA_ZARAUTZ_DONOSTIA_040,,d1,53:40.9,12:06.9,DACIA_SPRING,Dacia Spring 33 kW,33000,139,00:56.1,4.3,6.8,170,S,-1.7467784013981629,-4.884963776535829,608,105,7.0,122.0,425.0,,,,54,570,38,120,8
00:36.7,,,66,,98.5,,,,,,,40,-2.1183877,43.282115999999995,85.34724399999999,00:36.7,6,-0.027999999999999997,0101000020E61000005DEBD94D75F200C0A3293C541CA44540,20230420_DACIA_ZARAUTZ_DONOSTIA_040,,d1,53:40.9,12:06.9,DACIA_SPRING,Dacia Spring 33 kW,33000,139,00:56.1,4.3,6.8,170,S,-3.1108515030137696,-17.22449725956403,608,105,7.0,122.0,425.0,,,,54,570,38,8,8
00:42.3,,,66,,98.5,,,,,,,40,-2.116762,43.281612,86.515686,00:41.8,6,0.493,0101000020E6100000A47392E120EF00C01E9239D00BA44540,20230420_DACIA_ZARAUTZ_DONOSTIA_040,,d1,53:40.9,12:06.9,DACIA_SPRING,Dacia Spring 33 kW,33000,139,00:56.1,4.3,6.8,170,S,-2.6436537541527527,-12.878149203833125,320,63,,,,20.0,298.0,2.0,0,292,28,25,7
00:47.9,,,66,,98.5,,,,,,,40,-2.114785,43.28116,90.46074,00:47.8,6,0.08199999999999999,0101000020E610000027D57D5014EB00C008BC9701FDA34540,20230420_DACIA_ZARAUTZ_DONOSTIA_040,,d1,53:40.9,12:06.9,DACIA_SPRING,Dacia Spring 33 kW,33000,139,00:56.1,4.3,6.8,170,S,-1.0866898726646221,0.804286608667183,608,105,7.0,122.0,425.0,,,,54,570,38,85,7
00:53.6,,,66,,98.5,,,,,,,40,-2.112648,43.28119,97.029335,00:53.9,6,-0.317,0101000020E61000009B2B6E09B4E600C0EF424E0CFEA34540,20230420_DACIA_ZARAUTZ_DONOSTIA_040,,d1,53:40.9,12:06.9,DACIA_SPRING,Dacia Spring 33 kW,33000,139,00:56.1,4.3,6.8,170,S,-0.3195920285595936,7.30617317989722,608,105,7.0,122.0,425.0,,,,54,570,38,85,7
00:59.1,,,65,,98.5,,,,,,,40,-2.1109009,43.281414,103.72569,00:59.0,6,0.113,0101000020E610000065CF75FE1FE300C063D0386405A44540,20230420_DACIA_ZARAUTZ_DONOSTIA_040,,d1,53:40.9,12:06.9,DACIA_SPRING,Dacia Spring 33 kW,33000,139,00:56.1,4.3,6.8,170,S,0.2992099849108257,12.521912668269461,608,105,7.0,122.0,425.0,,,,54,570,38,45,7
01:04.6,,,65,,98.5,,,,,,,40,-2.1087892000000004,43.281883,110.87194,01:05.0,6,-0.37799999999999995,0101000020E61000003A99C4E2CCDE00C02A58B5BF14A44540,20230420_DACIA_ZARAUTZ_DONOSTIA_040,,d1,53:40.9,12:06.9,DACIA_SPRING,Dacia Spring 33 kW,33000,139,00:56.1,4.3,6.8,170,S,0.8188290746620491,16.91611405184661,608,105,7.0,122.0,425.0,,,,54,570,38,45,7
01:10.1,,,65,,98.5,,,,,,,40,-2.107109,43.282394000000004,117.10573600000001,01:10.0,6,0.07,0101000020E61000000B5F33F05BDB00C02D3C318D25A44540,20230420_DACIA_ZARAUTZ_DONOSTIA_040,,d1,53:40.9,12:06.9,DACIA_SPRING,Dacia Spring 33 kW,33000,139,00:56.1,4.3,6.8,170,S,0.7809072653113078,16.59435642363829,608,105,7.0,122.0,425.0,,,,54,570,38,45,7
01:15.8,,,65,,98.5,,,,,,,40,-2.105354,43.282917,124.77654,01:16.1,6,-0.289,0101000020E61000000DB24BDDC3D700C0BA8536AF36A44540,20230420_DACIA_ZARAUTZ_DONOSTIA_040,,d1,53:40.9,12:06.9,DACIA_SPRING,Dacia Spring 33 kW,33000,139,00:56.1,4.3,6.8,170,S,0.11012015134966142,10.927896429210564,608,105,7.0,122.0,425.0,,,,54,570,38,45,7
01:21.7,,,65,,98.5,,,,,,,40,-2.1037743,43.283221999999995,134.46895,01:22.1,6,-0.391,0101000020E6100000117ADFA187D400C0C3BD2FA440A44540,20230420_DACIA_ZARAUTZ_DONOSTIA_040,,d1,53:40.9,12:06.9,DACIA_SPRING,Dacia Spring 33 kW,33000,139,01:35.7,4.3,6.8,170,S,0.6756074161183744,15.701973979699916,320,63,,,,20.0,298.0,2.0,0,292,28,45,6
01:27.6,,,65,,98.5,,,,,,,40,-2.1024048,43.283607,143.73781,01:27.2,6,0.40299999999999997,0101000020E6100000CCE0D29BB9D100C00E69494F4DA44540,20230420_DACIA_ZARAUTZ_DONOSTIA_040,,d1,53:40.9,12:06.9,DACIA_SPRING,Dacia Spring 33 kW,33000,139,01:35.7,4.3,6.8,170,S,1.2895250143504275,20.931544182551576,608,105,7.0,122.0,425.0,,,,54,570,38,45,6
01:33.1,,,64,,98.5,,,,,,,40,-2.101027,43.284134,151.77123999999998,01:33.2,6,-0.08900000000000001,0101000020E61000000E82BF4CE7CE00C0FAEFD5875EA44540,20230420_DACIA_ZARAUTZ_DONOSTIA_040,,d1,53:40.9,12:06.9,DACIA_SPRING,Dacia Spring 33 kW,33000,139,01:35.7,4.3,6.8,170,S,1.0898867458211385,19.223001504998553,608,105,7.0,122.0,425.0,,,,54,570,38,8,6
01:38.7,,,64,,98.5,,,,,,,40,-2.0996332000000004,43.284620000000004,155.93292,01:38.2,6,0.442,0101000020E6100000DABA32710CCC00C0D932BA586EA44540,20230420_DACIA_ZARAUTZ_DONOSTIA_040,,d1,53:40.9,12:06.9,DACIA_SPRING,Dacia Spring 33 kW,33000,139,01:35.7,4.3,6.8,170,S,0.45180128695994926,13.809616251750302,608,105,7.0,122.0,425.0,,,,54,570,38,8,6
01:44.2,,,64,,98.5,,,,,,,40,-2.0976682,43.285103,160.07207,01:44.3,6,-0.071,0101000020E6100000F250113006C800C0EE12013B7EA44540,20230420_DACIA_ZARAUTZ_DONOSTIA_040,,d1,53:40.9,12:06.9,DACIA_SPRING,Dacia Spring 33 kW,33000,139,01:35.7,4.3,6.8,170,S,1.1440606578257353,19.685749637664582,608,105,7.0,122.0,425.0,,,,54,570,38,8,6
01:49.7,,,64,,98.5,,,,,,,40,-2.0961336999999998,43.285652,164.91711,01:49.3,6,0.392,0101000020E610000029B193B2E1C400C09C851F3790A44540,20230420_DACIA_ZARAUTZ_DONOSTIA_040,,d1,53:40.9,12:06.9,DACIA_SPRING,Dacia Spring 33 kW,33000,139,01:35.7,4.3,6.8,170,S,1.805182504735294,25.394764196502056,608,105,7.0,122.0,425.0,,,,54,570,38,25,6
01:55.2,,,64,,98.5,,,,,,,40,-2.0944464,43.286453,169.36919,01:55.4,6,-0.21100000000000002,0101000020E610000078A618236DC100C099E7587AAAA44540,20230420_DACIA_ZARAUTZ_DONOSTIA_040,,d1,53:40.9,12:06.9,DACIA_SPRING,Dacia Spring 33 kW,33000,139,01:35.7,4.3,6.8,170,S,0.1560607137658272,11.315059613061763,608,105,7.0,122.0,425.0,,,,54,570,38,25,6
02:00.8,,,64,,98.5,,,,,,,40,-2.0927272,43.286797,172.5364,02:00.4,6,0.322,0101000020E6100000E139ABC1E7BD00C0C3C357CBB5A44540,20230420_DACIA_ZARAUTZ_DONOSTIA_040,,d1,53:40.9,12:06.9,DACIA_SPRING,Dacia Spring 33 kW,33000,139,01:35.7,4.3,6.8,170,S,-1.577495832244034,-3.4139464369266075,608,105,7.0,122.0,425.0,,,,54,570,38,8,6
02:06.2,,,64,,98.5,,,,,,,40,-2.0905983,43.28667,176.94308,02:06.4,6,-0.20800000000000002,0101000020E610000038482EA78BB900C00F477992B1A44540,20230420_DACIA_ZARAUTZ_DONOSTIA_040,,d1,53:40.9,12:06.9,DACIA_SPRING,Dacia Spring 33 kW,33000,139,01:35.7,4.3,6.8,170,S,-1.560552792687981,-3.2672277842039925,608,105,7.0,122.0,425.0,,,,54,570,38,8,5
02:12.4,,,64,,98.5,,,,,,,40,-2.0884962,43.28655,182.04103,02:12.5,6,-0.09300000000000001,0101000020E6100000B90E47733DB500C073219990ADA44540,20230420_DACIA_ZARAUTZ_DONOSTIA_040,,d1,53:40.9,12:06.9,DACIA_SPRING,Dacia Spring 33 kW,33000,139,01:35.7,4.3,6.8,170,S,0.10002997761514774,10.8428679799967,608,105,7.0,122.0,425.0,,,,54,570,38,25,5
02:17.9,,,64,,98.5,,,,,,,40,-2.0867524,43.286884,186.82547,02:17.5,6,0.39,0101000020E6100000B47CA446ABB100C058AC469AB8A44540,20230420_DACIA_ZARAUTZ_DONOSTIA_040,,d1,53:40.9,12:06.9,DACIA_SPRING,Dacia Spring 33 kW,33000,139,01:35.7,4.3,6.8,170,S,0.7567550846163696,16.389540334157136,608,105,7.0,122.0,425.0,,,,54,570,38,25,5
02:23.5,,,64,,98.5,,,,,,,40,-2.084692,43.287490000000005,192.1625,02:23.6,6,-0.049,0101000020E6100000110EC20873AD00C058811F71CCA44540,20230420_DACIA_ZARAUTZ_DONOSTIA_040,,d1,53:40.9,12:06.9,DACIA_SPRING,Dacia Spring 33 kW,33000,139,01:35.7,4.3,6.8,170,S,-0.05945900017259695,9.499001003366457,608,105,7.0,122.0,425.0,,,,54,570,38,25,5
02:29.2,,,64,,98.5,,,,,,,40,-2.0825644,43.287846,196.78878999999998,02:29.6,6,-0.39899999999999997,0101000020E6100000B4471D7A17A900C0EFEAC72BD8A44540,20230420_DACIA_ZARAUTZ_DONOSTIA_040,,d1,53:40.9,12:06.9,DACIA_SPRING,Dacia Spring 33 kW,33000,139,01:35.7,4.3,6.8,170,S,0.0033444918497726995,10.028180187549069,608,105,7.0,122.0,425.0,,,,54,570,38,25,5
02:34.7,,,63,,98.5,,,,,,,40,-2.0808169999999997,43.288154999999996,200.89542,02:34.6,6,0.073,0101000020E61000008DDC035D83A500C06F857A46E2A44540,20230420_DACIA_ZARAUTZ_DONOSTIA_040,,d1,53:40.9,12:06.9,DACIA_SPRING,Dacia Spring 33 kW,33000,139,01:35.7,4.3,6.8,170,S,0.6301626719216358,15.317285433810554,608,105,7.0,122.0,425.0,,,,54,570,38,25,5
02:40.2,,,63,,98.5,,,,,,,40,-2.0787432,43.288723,206.60837,02:40.7,6,-0.49700000000000005,0101000020E6100000993D6D2944A100C0FDD7CCDAF4A44540,20230420_DACIA_ZARAUTZ_DONOSTIA_040,,d1,53:40.9,12:06.9,DACIA_SPRING,Dacia Spring 33 kW,33000,139,01:35.7,4.3,6.8,170,S,1.3271081028313478,21.254243200403454,608,105,7.0,122.0,425.0,,,,54,570,38,25,4
02:45.7,,,63,,98.5,,,,,,,40,-2.0771158,43.289356,211.5587,02:45.7,6,0.02,0101000020E6100000DA8BF2E6EE9D00C0227C0D9409A54540,20230420_DACIA_ZARAUTZ_DONOSTIA_040,,d1,53:40.9,12:06.9,DACIA_SPRING,Dacia Spring 33 kW,33000,139,01:35.7,4.3,6.8,170,S,1.6145139681983636,23.734819355218175,608,105,7.0,122.0,425.0,,,,54,570,38,25,4
02:51.3,,,62,,98.5,,,,,,,40,-2.07531,43.29015,219.11372000000003,02:51.7,6,-0.441,0101000020E61000001B0B171D3C9A00C0E5E95BAC23A54540,20230420_DACIA_ZARAUTZ_DONOSTIA_040,,d1,53:40.9,12:06.9,DACIA_SPRING,Dacia Spring 33 kW,33000,139,01:35.7,4.3,6.8,170,S,1.1941417106894625,20.11410445418008,608,105,7.0,122.0,425.0,,,,54,570,38,25,4
02:56.7,,,62,,98.5,,,,,,,40,-2.0738081999999998,43.2907,224.80947999999998,02:56.7,6,-0.071,0101000020E610000032EFB6B5289700C00787769835A54540,20230420_DACIA_ZARAUTZ_DONOSTIA_040,,d1,53:40.9,12:06.9,DACIA_SPRING,Dacia Spring 33 kW,33000,139,01:35.7,4.3,6.8,170,S,0.47560435787196037,14.010645406186832,608,105,7.0,122.0,425.0,,,,54,570,38,25,4
03:02.5,,,62,,98.5,,,,,,,40,-2.0719647,43.29116,231.33852000000002,03:02.8,6,-0.34600000000000003,0101000020E610000087191C48629300C0D11B64BE44A54540,20230420_DACIA_ZARAUTZ_DONOSTIA_040,,d1,53:40.9,12:06.9,DACIA_SPRING,Dacia Spring 33 kW,33000,139,01:35.7,4.3,6.8,170,S,0.1040762126650777,10.876964789907706,608,105,7.0,122.0,425.0,,,,54,570,38,8,4
03:07.9,,,62,,98.5,,,,,,,40,-2.0703514,43.291470000000004,236.93982999999997,03:07.8,6,0.11900000000000001,0101000020E6100000D75D515D149000C0D31E5BEB4EA54540,20230420_DACIA_ZARAUTZ_DONOSTIA_040,,d1,53:40.9,12:06.9,DACIA_SPRING,Dacia Spring 33 kW,33000,139,01:35.7,4.3,6.8,170,S,0.41071334879606425,13.462716576582332,608,105,7.0,122.0,425.0,,,,54,570,38,8,4
03:13.6,,,62,,98.5,,,,,,,40,-2.0683296,43.291954,243.82773999999998,03:13.9,6,-0.22899999999999998,0101000020E610000066908959F08B00C09C11FCBE5EA54540,20230420_DACIA_ZARAUTZ_DONOSTIA_040,,d1,53:40.9,12:06.9,DACIA_SPRING,Dacia Spring 33 kW,33000,139,01:35.7,4.3,6.8,170,S,1.1301028522472791,19.566463688809083,608,105,7.0,122.0,425.0,,,,54,570,38,8,4
03:19.3,,,62,,98.5,,,,,,,40,-2.0666668,43.292545000000004,249.76495,03:18.9,6,0.348,0101000020E6100000528195AD888800C0F235451572A54540,20230420_DACIA_ZARAUTZ_DONOSTIA_040,,d1,53:40.9,12:06.9,DACIA_SPRING,Dacia Spring 33 kW,33000,139,01:35.7,4.3,6.8,170,S,1.8010675635596545,25.35880508820076,608,105,7.0,122.0,425.0,,,,54,570,38,8,4
03:25.1,,,62,,98.5,,,,,,,40,-2.0648143,43.293423,257.43005,03:24.9,6,0.133,0101000020E61000002E30F566BD8400C0D8B24FE98EA54540,20230420_DACIA_ZARAUTZ_DONOSTIA_040,,d1,53:40.9,12:06.9,DACIA_SPRING,Dacia Spring 33 kW,33000,139,01:35.7,4.3,6.8,170,S,2.08759095862097,27.878449189255022,608,105,7.0,122.0,425.0,,,,54,570,38,8,3
03:30.6,,,62,,98.5,,,,,,,40,-2.0629258000000004,43.294422,262.56415,03:31.0,6,-0.401,0101000020E6100000E49FF040DF8000C000860892AFA54540,20230420_DACIA_ZARAUTZ_DONOSTIA_040,,d1,53:40.9,12:06.9,DACIA_SPRING,Dacia Spring 33 kW,33000,139,01:35.7,4.3,6.8,170,S,0.7799595803070688,16.586318256886504,608,105,7.0,122.0,425.0,,,,54,570,38,25,3
03:36.2,,,62,,98.5,,,,,,,40,-2.0611699,43.294945,265.892,03:36.0,6,0.23800000000000002,0101000020E610000092E710AC467D00C000B938C4C0A54540,20230420_DACIA_ZARAUTZ_DONOSTIA_040,,d1,53:40.9,12:06.9,DACIA_SPRING,Dacia Spring 33 kW,33000,139,01:35.7,4.3,6.8,170,S,-0.75768035932372,3.6026146489531334,608,105,7.0,122.0,425.0,,,,54,570,38,8,3
03:41.9,,,62,,98.5,,,,,,,40,-2.0589304,43.295086,269.56152000000003,03:42.0,6,-0.151,0101000020E610000085308E71B07800C004ED9461C5A54540,20230420_DACIA_ZARAUTZ_DONOSTIA_040,,d1,53:40.9,12:06.9,DACIA_SPRING,Dacia Spring 33 kW,33000,139,01:35.7,4.3,6.8,170,S,-1.900207339642025,-6.226919623207508,608,105,7.0,122.0,425.0,,,,54,570,38,8,3
03:47.3,,,62,,98.5,,,,,,,40,-2.0570424,43.29488,272.32068,03:47.1,6,0.25,0101000020E6100000BD44A39ED27400C059B29495BEA54540,20230420_DACIA_ZARAUTZ_DONOSTIA_040,,d1,53:40.9,12:06.9,DACIA_SPRING,Dacia Spring 33 kW,33000,139,01:35.7,4.3,6.8,170,S,-1.1684123571145204,0.10603444834103042,608,105,7.0,122.0,425.0,,,,54,570,38,8,3
03:52.9,,,62,,98.5,,,,,,,40,-2.054881,43.294884,274.2499,03:53.1,6,-0.207,0101000020E610000049CD2C8F657000C0899E61C1BEA54540,20230420_DACIA_ZARAUTZ_DONOSTIA_040,,d1,53:40.9,12:06.9,DACIA_SPRING,Dacia Spring 33 kW,33000,139,05:59.9,4.3,6.8,170,S,-1.6506904756460274,-4.048821893095711,608,105,7.0,122.0,425.0,,,,54,570,38,8,3
03:58.4,,,62,,98.5,,,,,,,40,-2.052889,43.294743,274.1425,03:58.2,6,0.201,0101000020E61000004BEC3013516C00C0F3211D28BAA54540,20230420_DACIA_ZARAUTZ_DONOSTIA_040,,d1,53:40.9,12:06.9,DACIA_SPRING,Dacia Spring 33 kW,33000,139,05:59.9,4.3,6.8,170,S,-3.6629648725702215,-22.593234535959965,608,105,7.0,122.0,425.0,,,,54,570,38,25,3
04:03.9,,,62,,98.5,,,,,,,40,-2.0510554,43.29398,269.86057,04:04.2,6,-0.307,0101000020E610000019D1D9C08F6800C07BDBBD1BA1A54540,20230420_DACIA_ZARAUTZ_DONOSTIA_040,,d1,53:40.9,12:06.9,DACIA_SPRING,Dacia Spring 33 kW,33000,139,05:59.9,4.3,6.8,170,S,-2.4771093473167207,-11.363327775118295,608,105,7.0,122.0,425.0,,,,54,570,38,25,2
04:09.4,,,62,,98.5,,,,,,,40,-2.0493636000000004,43.29364,266.9544,04:09.3,6,0.10800000000000001,0101000020E61000004E1046CC186500C054F1D5F295A54540,20230420_DACIA_ZARAUTZ_DONOSTIA_040,,d1,53:40.9,12:06.9,DACIA_SPRING,Dacia Spring 33 kW,33000,139,05:59.9,4.3,6.8,170,S,-0.7348191450717592,3.7964104234930134,608,105,7.0,122.0,425.0,,,,54,570,38,25,2
04:14.9,,,62,,98.5,,,,,,,40,-2.0472538,43.29378,262.6051,04:15.3,6,-0.32899999999999996,0101000020E61000001B47EE90C66000C05BFAD79E9AA54540,20230420_DACIA_ZARAUTZ_DONOSTIA_040,,d1,53:40.9,12:06.9,DACIA_SPRING,Dacia Spring 33 kW,33000,139,05:59.9,4.3,6.8,170,S,-2.1115998240921106,-8.091136630172551,608,105,7.0,122.0,425.0,,,,54,570,38,25,2
04:20.5,,,62,,98.5,,,,,,,40,-2.0455656,43.29354,257.55742999999995,04:20.3,6,0.142,0101000020E61000008F8D148D515D00C0A28A0CC592A54540,20230420_DACIA_ZARAUTZ_DONOSTIA_040,,d1,53:40.9,12:06.9,DACIA_SPRING,Dacia Spring 33 kW,33000,139,05:59.9,4.3,6.8,170,S,-3.0828534388923794,-16.95951471156958,608,105,7.0,122.0,425.0,,,,54,570,38,8,2
04:26.1,,,62,,98.5,,,,,,,40,-2.0436636999999997,43.29296,250.26797000000002,04:26.3,6,-0.209,0101000020E6100000139FCC556C5900C0D0A4AFC57FA54540,20230420_DACIA_ZARAUTZ_DONOSTIA_040,,d1,53:40.9,12:06.9,DACIA_SPRING,Dacia Spring 33 kW,33000,139,05:59.9,4.3,6.8,170,S,-2.0823912783491885,-7.83242040217107,608,105,7.0,122.0,425.0,,,,54,570,38,120,2
04:31.8,,,62,,98.5,,,,,,,40,-2.041919,43.29272,245.18648,04:31.4,6,0.369,0101000020E6100000E78DA4A2D95500C07DBA26D977A54540,20230420_DACIA_ZARAUTZ_DONOSTIA_040,,d1,53:40.9,12:06.9,DACIA_SPRING,Dacia Spring 33 kW,33000,139,05:59.9,4.3,6.8,170,S,-2.0341117707229275,-7.405601629803436,608,105,7.0,122.0,425.0,,,,54,570,38,120,2
04:37.4,,,62,,98.5,,,,,,,40,-2.0397263,43.292435,237.85965,04:37.4,6,-0.037000000000000005,0101000020E6100000E8B9680E5C5100C06F0250746EA54540,20230420_DACIA_ZARAUTZ_DONOSTIA_040,,d1,53:40.9,12:06.9,DACIA_SPRING,Dacia Spring 33 kW,33000,139,05:59.9,4.3,6.8,170,S,-4.294042955191798,-29.159170168753896,608,105,7.0,122.0,425.0,,,,54,570,38,90,1
04:42.9,,,62,,98.5,,,,,,,40,-2.0383785,43.291683,229.19893,04:42.5,6,0.41200000000000003,0101000020E6100000DA15CA54994E00C0B2592AE155A54540,20230420_DACIA_ZARAUTZ_DONOSTIA_040,,d1,53:40.9,12:06.9,DACIA_SPRING,Dacia Spring 33 kW,33000,139,05:59.9,4.3,6.8,170,S,-5.991536107941251,-51.77634141358199,608,105,7.0,122.0,425.0,,,,54,570,38,25,1
04:48.3,,,62,,98.5,,,,,,,40,-2.0374074,43.29045,218.74805,04:48.5,6,-0.151,0101000020E6100000E9A555379C4C00C08AA036732DA54540,20230420_DACIA_ZARAUTZ_DONOSTIA_040,,d1,53:40.9,12:06.9,DACIA_SPRING,Dacia Spring 33 kW,33000,139,05:59.9,4.3,6.8,170,S,-6.670520848522356,-68.80111891374105,608,105,7.0,122.0,425.0,,,,54,570,38,120,1
04:53.9,,,62,,98.5,,,,,,,40,-2.0369253,43.289207,211.80774,04:53.5,6,0.44,0101000020E6100000332E5E869F4B00C02BAD7BB304A54540,20230420_DACIA_ZARAUTZ_DONOSTIA_040,,d1,53:40.9,12:06.9,DACIA_SPRING,Dacia Spring 33 kW,33000,139,05:59.9,4.3,6.8,170,S,-5.589958937204371,-45.290816484965795,608,105,7.0,122.0,425.0,,,,54,570,38,90,1
04:59.3,,,61,,98.5,,,,,,,40,-2.0356414000000003,43.28791,206.82658,04:59.5,6,-0.20800000000000002,0101000020E61000008EF4E459FE4800C07838A436DAA44540,20230420_DACIA_ZARAUTZ_DONOSTIA_040,,d1,53:40.9,12:06.9,DACIA_SPRING,Dacia Spring 33 kW,33000,139,05:59.9,4.3,6.8,170,S,-4.249633136324751,-28.678227736919517,608,105,7.0,122.0,425.0,,,,54,570,38,90,1
05:04.9,,,61,,98.5,,,,,,,40,-2.0341496,43.287094,203.49702,05:04.6,6,0.24,0101000020E61000006F577640F04500C09E322879BFA44540,20230420_DACIA_ZARAUTZ_DONOSTIA_040,,d1,53:40.9,12:06.9,DACIA_SPRING,Dacia Spring 33 kW,33000,139,05:59.9,4.3,6.8,170,S,-3.5357123196218354,-21.329413741919414,608,105,7.0,122.0,425.0,,,,54,570,38,120,1
05:10.3,,,61,,98.5,,,,,,,40,-2.0321674,43.28632,198.6673,05:10.6,6,-0.289,0101000020E6100000E2874F0DE14100C0CDDC9E21A6A44540,20230420_DACIA_ZARAUTZ_DONOSTIA_040,,d1,53:40.9,12:06.9,DACIA_SPRING,Dacia Spring 33 kW,33000,139,05:59.9,4.3,6.8,170,S,-2.842571305647123,-14.709972247653921,608,105,7.0,122.0,425.0,,,,54,570,38,8,1
05:15.9,,,61,,98.5,,,,,,,40,-2.03032,43.285835,195.58235,05:15.7,6,0.19399999999999998,0101000020E61000003482446A183E00C094768A4E96A44540,20230420_DACIA_ZARAUTZ_DONOSTIA_040,,d1,53:40.9,12:06.9,DACIA_SPRING,Dacia Spring 33 kW,33000,139,05:59.9,4.3,6.8,170,S,-1.8058254646835248,-5.400383371563815,608,105,7.0,122.0,425.0,,,,54,570,38,8,1
05:21.6,,,61,,98.5,,,,,,,40,-2.0280457,43.28562,192.87175,05:21.7,6,-0.13,0101000020E6100000B21B98F96F3900C08D0C65348FA44540,20230420_DACIA_ZARAUTZ_DONOSTIA_040,,d1,53:40.9,12:06.9,DACIA_SPRING,Dacia Spring 33 kW,33000,139,05:59.9,4.3,6.8,170,S,-0.15710194101300934,8.676164835576442,608,105,7.0,122.0,425.0,,,,54,570,38,8,1
05:27.1,,,61,,98.5,,,,,,,40,-2.026237,43.285896,190.64453,05:26.8,6,0.36,0101000020E6100000166F46B4BB3500C003E52F3F98A44540,20230420_DACIA_ZARAUTZ_DONOSTIA_040,,d1,53:40.9,12:06.9,DACIA_SPRING,Dacia Spring 33 kW,33000,139,05:59.9,4.3,6.8,170,S,1.7174103167760664,24.62907183680425,608,105,7.0,122.0,425.0,,,,54,570,38,8,1
05:32.8,,,61,,98.5,,,,,,,40,-2.0243742,43.28675,186.06673,05:32.8,6,-0.027999999999999997,0101000020E61000000F86802BEB3100C070083B49B4A44540,20230420_DACIA_ZARAUTZ_DONOSTIA_040,,d1,53:40.9,12:06.9,DACIA_SPRING,Dacia Spring 33 kW,33000,139,05:59.9,4.3,6.8,170,S,3.7188689448847967,43.15408501594101,608,105,7.0,122.0,425.0,,,,54,570,38,90,1
05:38.3,,,61,,98.5,,,,,,,40,-2.02325,43.287804,182.19928000000002,05:37.8,6,0.45899999999999996,0101000020E610000017D279BF9D2F00C0D044CDCDD6A44540,20230420_DACIA_ZARAUTZ_DONOSTIA_040,,d1,53:40.9,12:06.9,DACIA_SPRING,Dacia Spring 33 kW,33000,139,05:59.9,4.3,6.8,170,S,2.7133608938012967,33.517156981897635,608,105,7.0,122.0,425.0,,,,54,570,38,8,1
05:46.1,,,60,,98.5,,,,,,,40,-2.0216103,43.28889,178.12505,05:46.2,6,-0.092,0101000020E6100000053D2400422C00C062CF0E58FAA44540,20230420_DACIA_ZARAUTZ_DONOSTIA_040,,d1,53:40.9,12:06.9,DACIA_SPRING,Dacia Spring 33 kW,33000,139,05:59.9,4.3,6.8,170,S,0.8794820192526116,17.43120036359792,608,105,7.0,122.0,425.0,,,,54,570,38,100,1
05:58.3,,,61,,98.5,,,,,,,40,-2.017575,43.290157,169.67963,05:58.0,6,0.349,0101000020E6100000842A0E6BFE2300C04F7438DC23A54540,20230420_DACIA_ZARAUTZ_DONOSTIA_040,,d1,53:40.9,12:06.9,DACIA_SPRING,Dacia Spring 33 kW,33000,139,05:59.9,4.3,6.8,170,S,6.067296892719595,73.15729891450877,304,107,0.0,57.0,220.0,,,,27,297,7,90,1
06:07.6,,,60,,98.5,,,,,,,40,-2.0169432,43.292244000000004,161.83643,06:08.0,6,-0.42,0101000020E61000001DF7DD27B32200C05D03414E68A54540,20230420_DACIA_ZARAUTZ_DONOSTIA_040,,d1,53:40.9,12:06.9,DACIA_SPRING,Dacia Spring 33 kW,33000,139,05:59.9,4.3,6.8,170,S,6.132614747836051,74.4029948080463,304,107,0.0,57.0,220.0,,,,27,297,7,80,1
06:14.9,,,60,,98.5,,,,,,,40,-2.0164907,43.293865000000004,152.20481999999998,06:15.1,6,-0.24100000000000002,0101000020E610000059C944D7C52100C0A525556E9DA54540,20230420_DACIA_ZARAUTZ_DONOSTIA_040,,d1,53:40.9,12:06.9,DACIA_SPRING,Dacia Spring 33 kW,33000,139,05:59.9,4.3,6.8,170,S,2.1698131172722994,28.607910807899902,579,81,,,,8.0,302.0,266.0,3,518,61,25,1
06:20.3,,,60,,98.5,,,,,,,40,-2.0149157,43.294724,146.13795,06:20.2,6,0.077,0101000020E6100000B9ABD9268C1E00C09F92047AB9A54540,20230420_DACIA_ZARAUTZ_DONOSTIA_040,,d1,53:40.9,12:06.9,DACIA_SPRING,Dacia Spring 33 kW,33000,139,06:35.7,4.3,6.8,170,S,1.0005196888031016,18.46094631148993,579,81,,,,8.0,302.0,266.0,3,518,61,25,1
06:25.9,,,60,,98.5,,,,,,,40,-2.0129986,43.295364,141.61682,06:26.2,6,-0.3,0101000020E61000003A0F4D099F1A00C03DF11789CEA54540,20230420_DACIA_ZARAUTZ_DONOSTIA_040,,d1,53:40.9,12:06.9,DACIA_SPRING,Dacia Spring 33 kW,33000,139,06:35.7,4.3,6.8,170,S,2.422240138644147,30.867730175993398,304,107,0.0,57.0,220.0,,,,27,297,7,80,1
06:31.4,,,60,,98.5,,,,,,,40,-2.011523,43.296246000000004,135.25269,06:31.3,6,0.106,0101000020E6100000B5D94E65991700C08794CD65EBA54540,20230420_DACIA_ZARAUTZ_DONOSTIA_040,,d1,53:40.9,12:06.9,DACIA_SPRING,Dacia Spring 33 kW,33000,139,06:35.7,4.3,6.8,170,S,3.7041893397121166,43.00646930686461,3,38,,,,2.0,1.0,0.0,0,3,0,8,1
06:37.0,,,60,,98.5,,,,,,,40,-2.0101614,43.297515999999995,128.61415,06:37.3,6,-0.3,0101000020E6100000E80A6E8ACF1400C0D6861CFC14A64540,20230420_DACIA_ZARAUTZ_DONOSTIA_040,,d1,53:40.9,12:06.9,DACIA_SPRING,Dacia Spring 33 kW,33000,139,06:35.7,4.3,6.8,170,S,2.8493523289188296,34.772882974706036,3,38,,,,2.0,1.0,0.0,0,3,0,25,1
06:42.6,,,60,,98.5,,,,,,,40,-2.0088593999999995,43.29842,122.14031000000001,06:42.3,6,0.297,0101000020E61000002C4FC9DB241200C0EC408F9C32A64540,20230420_DACIA_ZARAUTZ_DONOSTIA_040,,d1,53:40.9,12:06.9,DACIA_SPRING,Dacia Spring 33 kW,33000,139,06:35.7,4.3,6.8,170,S,0.6526620325967234,15.507710785637236,3,38,,,,2.0,1.0,0.0,0,3,0,45,1
06:48.2,,,60,,98.5,,,,,,,40,-2.0068772,43.298970000000004,112.20879,06:48.4,6,-0.22,0101000020E6100000D60E82AF150E00C03656A39F44A64540,20230420_DACIA_ZARAUTZ_DONOSTIA_040,,d1,53:40.9,12:06.9,DACIA_SPRING,Dacia Spring 33 kW,33000,139,06:35.7,4.3,6.8,170,S,-1.0963987865594285,0.7214059858221932,3,38,,,,2.0,1.0,0.0,0,3,0,80,1
06:53.7,,,60,,98.5,,,,,,,40,-2.00513,43.298992,104.615364,06:53.4,6,0.266,0101000020E6100000AFA84AAC810A00C08CEFED5845A64540,20230420_DACIA_ZARAUTZ_DONOSTIA_040,,d1,53:40.9,12:06.9,DACIA_SPRING,Dacia Spring 33 kW,33000,139,06:35.7,4.3,6.8,170,S,-2.620606044188378,-12.667534439619537,3,38,,,,2.0,1.0,0.0,0,3,0,25,1
06:59.3,,,60,,98.5,,,,,,,40,-2.0031456999999997,43.298546,97.465355,06:59.5,6,-0.262,0101000020E6100000DE97343D710600C0FD0ACDB836A64540,20230420_DACIA_ZARAUTZ_DONOSTIA_040,,d1,53:40.9,12:06.9,DACIA_SPRING,Dacia Spring 33 kW,33000,139,06:35.7,4.3,6.8,170,S,-3.9441456027375783,-25.452048670952415,3,38,,,,2.0,1.0,0.0,0,3,0,25,1
07:04.8,,,60,,98.5,,,,,,,40,-2.0017674,43.29789,91.792274,07:04.5,6,0.31,0101000020E6100000BF61979D9E0300C036710A4621A64540,20230420_DACIA_ZARAUTZ_DONOSTIA_040,,d1,53:40.9,12:06.9,DACIA_SPRING,Dacia Spring 33 kW,33000,139,06:35.7,4.3,6.8,170,S,-5.174778612014291,-39.55215738005944,3,38,,,,2.0,1.0,0.0,0,3,0,8,1
07:10.4,,,60,,98.5,,,,,,,40,-2.0005843999999997,43.296913,86.12066999999999,07:10.6,6,-0.19,0101000020E610000076DB4456320100C0F0E8FF4D01A64540,20230420_DACIA_ZARAUTZ_DONOSTIA_040,,d1,53:40.9,12:06.9,DACIA_SPRING,Dacia Spring 33 kW,33000,139,06:35.7,4.3,6.8,170,S,-5.3471787794412275,-41.84569306814212,3,38,,,,2.0,1.0,0.0,0,3,0,80,1
07:15.9,,,60,,98.5,,,,,,,40,-1.9996988999999998,43.29612,82.20019,07:15.6,6,0.34700000000000003,0101000020E610000030053446C4FEFFBF36326940E7A54540,20230420_DACIA_ZARAUTZ_DONOSTIA_040,,d1,53:40.9,12:06.9,DACIA_SPRING,Dacia Spring 33 kW,33000,139,06:35.7,4.3,6.8,170,S,-2.9854537317303294,-16.042474074515813,3,38,,,,2.0,1.0,0.0,0,3,0,25,1
07:21.4,,,60,,98.5,,,,,,,40,-1.9980783,43.295654,78.06636,07:21.6,6,-0.292,0101000020E61000000EA111F120F8FFBFBD2337F3D7A54540,20230420_DACIA_ZARAUTZ_DONOSTIA_040,,d1,53:40.9,12:06.9,DACIA_SPRING,Dacia Spring 33 kW,33000,139,06:35.7,4.3,6.8,170,S,-0.6978033207430556,4.11004558607086,3,38,,,,2.0,1.0,0.0,0,3,0,80,1
07:27.0,,,60,,98.5,,,,,,,40,-1.9966449,43.295757,76.47237,07:26.7,6,0.341,0101000020E610000019575CDD41F2FFBFCE8C905ADBA54540,20230420_DACIA_ZARAUTZ_DONOSTIA_040,,d1,53:40.9,12:06.9,DACIA_SPRING,Dacia Spring 33 kW,33000,139,06:35.7,4.3,6.8,170,S,1.490874597976569,22.66476634529129,3,38,,,,2.0,1.0,0.0,0,3,0,45,1
07:32.5,,,60,,98.5,,,,,,,40,-1.9951051,43.2964,77.17011,07:32.7,6,-0.24100000000000002,0101000020E6100000E9A9BC58F3EBFFBF33F66F66F0A54540,20230420_DACIA_ZARAUTZ_DONOSTIA_040,,d1,53:40.9,12:06.9,DACIA_SPRING,Dacia Spring 33 kW,33000,139,06:35.7,4.3,6.8,170,S,1.8163660558887726,25.49252499653315,3,38,,,,2.0,1.0,0.0,0,3,0,80,1
07:38.0,,,60,,98.5,,,,,,,40,-1.9937334999999998,43.297053999999996,75.348015,07:37.8,6,0.198,0101000020E610000078141D2A55E6FFBFF7F842EB05A64540,20230420_DACIA_ZARAUTZ_DONOSTIA_040,,d1,53:40.9,12:06.9,DACIA_SPRING,Dacia Spring 33 kW,33000,139,06:35.7,4.3,6.8,170,S,0.5425858441743101,14.57661205752319,3,38,,,,2.0,1.0,0.0,0,3,0,80,1
07:43.5,,,60,,98.5,,,,,,,40,-1.9919415,43.29752,73.13902,07:43.8,6,-0.302,0101000020E6100000563DD50AFEDEFFBF9E242B2D15A64540,20230420_DACIA_ZARAUTZ_DONOSTIA_040,,d1,53:40.9,12:06.9,DACIA_SPRING,Dacia Spring 33 kW,33000,139,06:35.7,4.3,6.8,170,S,0.2144593853915278,11.807302288440539,3,38,,,,2.0,1.0,0.0,0,3,0,40,1
07:49.0,,,60,,98.5,,,,,,,40,-1.9910326,43.297709999999995,71.09614599999999,07:49.0,6,0.012,0101000020E61000006DD4D0F844DBFFBFB87CB5501BA64540,20230420_DACIA_ZARAUTZ_DONOSTIA_040,,d1,53:40.9,12:06.9,DACIA_SPRING,Dacia Spring 33 kW,33000,139,06:35.7,4.3,6.8,170,S,-0.21117838787464932,8.220356453648641,3,38,,,,2.0,1.0,0.0,0,3,0,25,1
07:54.6,,,60,,98.5,,,,,,,40,-1.9891843999999996,43.297977,66.82793000000001,07:54.9,6,-0.32799999999999996,0101000020E61000006B5AF104B3D3FFBF661C392524A64540,20230420_DACIA_ZARAUTZ_DONOSTIA_040,,d1,53:40.9,12:06.9,DACIA_SPRING,Dacia Spring 33 kW,33000,139,06:35.7,4.3,6.8,170,S,-3.7667287151045854,-23.637095142414964,3,38,,,,2.0,1.0,0.0,0,3,0,80,1
08:00.1,,,60,,98.5,,,,,,,40,-1.9874319,43.29721,85.94216,07:59.9,6,0.183,0101000020E610000062CF0B5585CCFFBFA18FDBFB0AA64540,20230420_DACIA_ZARAUTZ_DONOSTIA_040,,d1,53:40.9,12:06.9,DACIA_SPRING,Dacia Spring 33 kW,33000,139,06:35.7,4.3,6.8,170,S,-0.6420628897407052,4.582003481235224,304,107,0.0,57.0,220.0,,,,27,297,7,25,2
08:05.8,,,60,,98.5,,,,,,,40,-1.985685,43.29735,91.93893,08:06.0,6,-0.18,0101000020E6100000C3EED8935DC5FFBF4D5465AD0FA64540,20230420_DACIA_ZARAUTZ_DONOSTIA_040,,d1,53:40.9,12:06.9,DACIA_SPRING,Dacia Spring 33 kW,33000,139,06:35.7,4.3,6.8,170,S,0.8082091382988377,16.82598473647263,304,107,0.0,57.0,220.0,,,,27,297,7,80,2
08:11.3,,,60,,98.5,,,,,,,40,-1.9841639,43.29781,87.04681,08:11.0,6,0.22,0101000020E6100000F1C7F8A122BFFFBFEA99AF981EA64540,20230420_DACIA_ZARAUTZ_DONOSTIA_040,,d1,53:40.9,12:06.9,DACIA_SPRING,Dacia Spring 33 kW,33000,139,06:35.7,4.3,6.8,170,S,0.6116515799556018,15.160659400243068,29,115,,,,0.0,0.0,18.0,11,27,2,80,2
08:16.8,,,60,,98.5,,,,,,,40,-1.9823924,43.29829,84.50112,08:17.0,6,-0.2,0101000020E610000030338C25E1B7FFBF5F7582652EA64540,20230420_DACIA_ZARAUTZ_DONOSTIA_040,,d1,53:40.9,12:06.9,DACIA_SPRING,Dacia Spring 33 kW,33000,139,06:35.7,4.3,6.8,170,S,-0.46600698814237923,6.070415118646354,29,115,,,,0.0,0.0,18.0,11,27,2,80,1
08:22.2,,,60,,98.5,,,,,,,40,-1.9809161,43.298446999999996,78.33468,08:22.1,6,0.11900000000000001,0101000020E6100000D3754F25D5B1FFBFB488417D33A64540,20230420_DACIA_ZARAUTZ_DONOSTIA_040,,d1,53:40.9,12:06.9,DACIA_SPRING,Dacia Spring 33 kW,33000,139,06:35.7,4.3,6.8,170,S,-2.05242453535097,-7.56737834062474,29,115,,,,0.0,0.0,18.0,11,27,2,80,1
08:27.9,,,60,,98.5,,,,,,,40,-1.9789063000000002,43.29818,73.16213,08:28.2,6,-0.311,0101000020E6100000B956EBAC99A9FFBF696E64CE2AA64540,20230420_DACIA_ZARAUTZ_DONOSTIA_040,,d1,53:40.9,12:06.9,DACIA_SPRING,Dacia Spring 33 kW,33000,139,06:35.7,4.3,6.8,170,S,-2.4957196393761722,-11.531801746043048,29,115,,,,0.0,0.0,18.0,11,27,2,80,1
08:33.3,,,60,,98.5,,,,,,,40,-1.9773133999999999,43.297855,70.80389,08:33.2,6,0.038,0101000020E61000006AD9EC5713A3FFBF6153892F20A64540,20230420_DACIA_ZARAUTZ_DONOSTIA_040,,d1,53:40.9,12:06.9,DACIA_SPRING,Dacia Spring 33 kW,33000,139,06:35.7,4.3,6.8,170,S,-2.6550135719523436,-12.982077686331815,29,115,,,,0.0,0.0,18.0,11,27,2,80,1
08:38.8,,,60,,98.5,,,,,,,40,-1.9756781000000003,43.297478000000005,72.61147,08:39.3,6,-0.426,0101000020E6100000DC33DBAB609CFFBFF19687C413A64540,20230420_DACIA_ZARAUTZ_DONOSTIA_040,,d1,53:40.9,12:06.9,DACIA_SPRING,Dacia Spring 33 kW,33000,139,06:35.7,4.3,6.8,170,S,-0.9489134818426813,1.9784181140938544,29,115,,,,0.0,0.0,18.0,11,27,2,90,1
08:44.4,,,60,,98.5,,,,,,,40,-1.9743754,43.297523,78.95997,08:44.3,6,0.121,0101000020E6100000D1F62F9D0A97FFBF4F9B004D15A64540,20230420_DACIA_ZARAUTZ_DONOSTIA_040,,d1,53:40.9,12:06.9,DACIA_SPRING,Dacia Spring 33 kW,33000,139,06:35.7,4.3,6.8,170,S,-0.8094630555199523,3.1633744021613364,29,115,,,,0.0,0.0,18.0,11,27,2,90,1
08:50.1,,,60,,98.5,,,,,,,40,-1.9729098000000003,43.297604,79.72983,08:50.3,6,-0.261,0101000020E6100000CBD443D00991FFBFEA04DED617A64540,20230420_DACIA_ZARAUTZ_DONOSTIA_040,,d1,53:40.9,12:06.9,DACIA_SPRING,Dacia Spring 33 kW,33000,139,10:56.2,4.3,6.8,170,S,-1.365562590285612,-1.5847991503733545,29,115,,,,0.0,0.0,18.0,11,27,2,90,1
08:55.8,,,60,,98.5,,,,,,,40,-1.9716808999999997,43.29757,83.62085,08:55.4,6,0.37,0101000020E6100000124FE43A018CFFBFEE21C0C616A64540,20230420_DACIA_ZARAUTZ_DONOSTIA_040,,d1,53:40.9,12:06.9,DACIA_SPRING,Dacia Spring 33 kW,33000,139,10:56.2,4.3,6.8,170,S,-4.112017454497036,-27.207865017775504,29,115,,,,0.0,0.0,18.0,11,27,2,90,1
09:01.3,,,60,,98.5,,,,,,,40,-1.9705819,43.297005,90.89473000000001,09:01.4,6,-0.11699999999999999,0101000020E6100000D0D307D68087FFBF97D4984104A64540,20230420_DACIA_ZARAUTZ_DONOSTIA_040,,d1,53:40.9,12:06.9,DACIA_SPRING,Dacia Spring 33 kW,33000,139,10:56.2,4.3,6.8,170,S,-6.00022691547208,-51.93157624017748,29,115,,,,0.0,0.0,18.0,11,27,2,90,1
09:06.9,,,60,,98.5,,,,,,,40,-1.9700501,43.296326,96.5818,09:06.5,6,0.41100000000000003,0101000020E6100000EC9290495385FFBF363D7105EEA54540,20230420_DACIA_ZARAUTZ_DONOSTIA_040,,d1,53:40.9,12:06.9,DACIA_SPRING,Dacia Spring 33 kW,33000,139,10:56.2,4.3,6.8,170,S,-6.782709792495608,-75.91327568208769,29,115,,,,0.0,0.0,18.0,11,27,2,90,1
09:12.3,,,60,,98.5,,,,,,,40,-1.9697821,43.295258000000004,103.07775,09:12.5,6,-0.249,0101000020E6100000BA3340303A84FFBFEC46FEF9CAA54540,20230420_DACIA_ZARAUTZ_DONOSTIA_040,,d1,53:40.9,12:06.9,DACIA_SPRING,Dacia Spring 33 kW,33000,139,10:56.2,4.3,6.8,170,S,-6.79643137064675,-81.85632019966086,29,115,,,,0.0,0.0,18.0,11,27,2,8,1
09:17.8,,,60,,98.5,,,,,,,40,-1.9696721999999998,43.29449,108.332756,09:17.6,6,0.24,0101000020E61000006366FDF7C683FFBF77570AEDB1A54540,20230420_DACIA_ZARAUTZ_DONOSTIA_040,,d1,53:40.9,12:06.9,DACIA_SPRING,Dacia Spring 33 kW,33000,139,10:56.2,4.3,6.8,170,S,-2.5714786219756376,-147.78033005191142,29,115,,,,0.0,0.0,18.0,11,27,2,45,1
09:23.4,,,60,,98.5,,,,,,,40,-1.9704275000000002,43.294014000000004,120.35526999999999,09:23.6,6,-0.16699999999999998,0101000020E6100000268797F1DE86FFBF19094F3FA2A54540,20230420_DACIA_ZARAUTZ_DONOSTIA_040,,d1,53:40.9,12:06.9,DACIA_SPRING,Dacia Spring 33 kW,33000,139,10:56.2,4.3,6.8,170,S,1.209571574246047,179.7538063085301,29,115,,,,0.0,0.0,18.0,11,27,2,45,1
09:29.0,,,59,,98.5,,,,,,,40,-1.9713584,43.294018,127.94076000000001,09:28.6,6,0.4,0101000020E610000066802C1FAF8AFFBF51A4BA64A2A54540,20230420_DACIA_ZARAUTZ_DONOSTIA_040,,d1,53:40.9,12:06.9,DACIA_SPRING,Dacia Spring 33 kW,33000,139,10:56.2,4.3,6.8,170,S,-5.1738494558896715,-120.45990874105698,29,115,,,,0.0,0.0,18.0,11,27,2,45,1
09:34.5,,,59,,98.5,,,,,,,40,-1.9717242,43.293396,132.9963,09:34.7,6,-0.152,0101000020E61000001A64D5AA2E8CFFBF450CD7068EA54540,20230420_DACIA_ZARAUTZ_DONOSTIA_040,,d1,53:40.9,12:06.9,DACIA_SPRING,Dacia Spring 33 kW,33000,139,10:56.2,4.3,6.8,170,S,-6.416181756549117,-99.3423940112557,29,115,,,,0.0,0.0,18.0,11,27,2,30,1
09:40.2,,,59,,98.5,,,,,,,40,-1.9717547999999998,43.293209999999995,135.14093,09:39.7,6,0.469,0101000020E6100000FE0159B54E8CFFBF4C2A47D787A54540,20230420_DACIA_ZARAUTZ_DONOSTIA_040,,d1,53:40.9,12:06.9,DACIA_SPRING,Dacia Spring 33 kW,33000,139,10:56.2,4.3,6.8,170,S,-5.205292448240905,-120.04991362101111,29,115,,,,0.0,0.0,18.0,11,27,2,30,1
09:45.8,,,59,,98.5,,,,,,,40,-1.9719648,43.292846999999995,139.66063,09:45.8,6,0.066,0101000020E610000055FAD8092B8DFFBF514515F07BA54540,20230420_DACIA_ZARAUTZ_DONOSTIA_040,,d1,53:40.9,12:06.9,DACIA_SPRING,Dacia Spring 33 kW,33000,139,10:56.2,4.3,6.8,170,S,-5.859349281355848,-110.4955008794954,29,115,,,,0.0,0.0,18.0,11,27,2,55,1
09:51.4,,,59,,98.5,,,,,,,40,-1.9720889,43.292515,142.68986999999998,09:51.8,6,-0.423,0101000020E6100000F9B63112AD8DFFBF082C3F2A71A54540,20230420_DACIA_ZARAUTZ_DONOSTIA_040,,d1,53:40.9,12:06.9,DACIA_SPRING,Dacia Spring 33 kW,33000,139,10:56.2,4.3,6.8,170,S,-1.924794152047394,-153.557201367217,29,115,,,,0.0,0.0,18.0,11,27,2,30,1
09:56.9,,,59,,98.5,,,,,,,40,-1.9724267,43.292347,144.44841,09:56.9,6,0.078,0101000020E610000030240A470F8FFFBF8CCF67A06BA54540,20230420_DACIA_ZARAUTZ_DONOSTIA_040,,d1,53:40.9,12:06.9,DACIA_SPRING,Dacia Spring 33 kW,33000,139,10:56.2,4.3,6.8,170,S,-1.7286269492478419,-155.27323016122767,29,115,,,,0.0,0.0,18.0,11,27,2,30,1
10:02.5,,,59,,98.5,,,,,,,40,-1.9729978,43.292084,144.15546,10:02.9,6,-0.37200000000000005,0101000020E61000007840751B6691FFBF4F66F2F962A54540,20230420_DACIA_ZARAUTZ_DONOSTIA_040,,d1,53:40.9,12:06.9,DACIA_SPRING,Dacia Spring 33 kW,33000,139,10:56.2,4.3,6.8,170,S,-1.802527439808811,-154.6284382469475,29,115,,,,0.0,0.0,18.0,11,27,2,8,1
10:08.1,,,59,,98.5,,,,,,,40,-1.9732888,43.291946,144.37956,10:07.9,6,0.139,0101000020E6100000A4AF51369792FFBF8E3373875EA54540,20230420_DACIA_ZARAUTZ_DONOSTIA_040,,d1,53:40.9,12:06.9,DACIA_SPRING,Dacia Spring 33 kW,33000,139,10:56.2,4.3,6.8,170,S,-1.6884987696878757,-155.6225510851621,29,115,,,,0.0,0.0,18.0,11,27,2,55,1
10:13.5,,,59,,98.5,,,,,,,40,-1.9735161,43.291843,145.74585,10:14.0,6,-0.42,0101000020E6100000EC82E4928593FFBF875AD2245BA54540,20230420_DACIA_ZARAUTZ_DONOSTIA_040,,d1,53:40.9,12:06.9,DACIA_SPRING,Dacia Spring 33 kW,33000,139,10:56.2,4.3,6.8,170,S,-2.377579511361535,-149.5344550838106,29,115,,,,0.0,0.0,18.0,11,27,2,55,1
10:19.2,,,59,,98.5,,,,,,,40,-1.9735212,43.29184,146.10132,10:19.0,6,0.128,0101000020E61000000FF825FD8A93FFBF0AEFEEF15AA54540,20230420_DACIA_ZARAUTZ_DONOSTIA_040,,d1,53:40.9,12:06.9,DACIA_SPRING,Dacia Spring 33 kW,33000,139,10:56.2,4.3,6.8,170,S,-1.180807608135126,0.0,29,115,,,,0.0,0.0,18.0,11,27,2,55,1
10:24.6,,,59,,98.5,,,,,,,40,-1.9735212,43.29184,146.10132,10:25.0,6,-0.41100000000000003,0101000020E61000000FF825FD8A93FFBF0AEFEEF15AA54540,20230420_DACIA_ZARAUTZ_DONOSTIA_040,,d1,53:40.9,12:06.9,DACIA_SPRING,Dacia Spring 33 kW,33000,139,10:56.2,4.3,6.8,170,S,-1.180807608135126,0.0,29,115,,,,0.0,0.0,18.0,11,27,2,55,1
10:30.2,,,59,,98.5,,,,,,,40,-1.9735212,43.29184,146.10132,10:30.1,6,0.068,0101000020E61000000FF825FD8A93FFBF0AEFEEF15AA54540,20230420_DACIA_ZARAUTZ_DONOSTIA_040,,d1,53:40.9,12:06.9,DACIA_SPRING,Dacia Spring 33 kW,33000,139,10:56.2,4.3,6.8,170,S,-5.3803582864546176,-117.69947280481367,29,115,,,,0.0,0.0,18.0,11,27,2,55,1
10:35.6,,,59,,98.5,,,,,,,40,-1.9735254,43.291832,146.19463000000002,10:35.2,6,0.447,0101000020E6100000931367668F93FFBF58DB3FBD5AA54540,20230420_DACIA_ZARAUTZ_DONOSTIA_040,,d1,53:40.9,12:06.9,DACIA_SPRING,Dacia Spring 33 kW,33000,139,10:56.2,4.3,6.8,170,S,-1.742911146242532,-155.14874990113907,29,115,,,,0.0,0.0,18.0,11,27,2,55,1
10:41.1,,,59,,98.5,,,,,,,40,-1.9738212,43.291695000000004,146.65169,10:41.2,6,-0.09300000000000001,0101000020E6100000657BF57AC594FFBF16C2B83256A54540,20230420_DACIA_ZARAUTZ_DONOSTIA_040,,d1,53:40.9,12:06.9,DACIA_SPRING,Dacia Spring 33 kW,33000,139,10:56.2,4.3,6.8,170,S,-1.682790789220049,-155.67219514137525,29,115,,,,0.0,0.0,18.0,11,27,2,55,1
10:46.7,,,59,,98.5,,,,,,,40,-1.9742304,43.291509999999995,147.22346000000002,10:46.3,6,0.489,0101000020E6100000681EAD907296FFBF45700E4A50A54540,20230420_DACIA_ZARAUTZ_DONOSTIA_040,,d1,53:40.9,12:06.9,DACIA_SPRING,Dacia Spring 33 kW,33000,139,10:56.2,4.3,6.8,170,S,-1.509522515630836,-157.17413975318507,29,115,,,,0.0,0.0,18.0,11,27,2,40,1
10:52.3,,,59,,98.5,,,,,,,40,-1.9746248,43.291344,147.5473,10:52.3,6,0.001,0101000020E6100000043CDF1E1098FFBF6935B3BE4AA54540,20230420_DACIA_ZARAUTZ_DONOSTIA_040,,d1,53:40.9,12:06.9,DACIA_SPRING,Dacia Spring 33 kW,33000,139,10:56.2,4.3,6.8,170,S,-0.5615144415281943,-165.26337017331798,29,115,,,,0.0,0.0,18.0,11,27,2,55,1
10:57.9,,,59,,98.5,,,,,,,40,-1.9750316000000003,43.291237,148.07465,10:58.4,6,-0.48100000000000004,0101000020E610000091A947BFBA99FFBFB418B64447A54540,20230420_DACIA_ZARAUTZ_DONOSTIA_040,,d1,53:40.9,12:06.9,DACIA_SPRING,Dacia Spring 33 kW,33000,139,10:56.2,4.3,6.8,170,S,-2.58719140141248,-147.63724332432668,29,115,,,,0.0,0.0,18.0,11,27,2,55,1
11:03.5,,,59,,98.5,,,,,,,40,-1.9754766,43.290955,147.13483,11:03.4,6,0.127,0101000020E61000004E7FB86E8D9BFFBF5EEFCB083EA54540,20230420_DACIA_ZARAUTZ_DONOSTIA_040,,d1,53:40.9,12:06.9,DACIA_SPRING,Dacia Spring 33 kW,33000,139,10:56.2,4.3,6.8,170,S,-2.118089050174761,-151.8513330657798,29,115,,,,0.0,0.0,18.0,11,27,2,40,1
11:09.1,,,59,,98.5,,,,,,,40,-1.976327,43.2905,147.78151,11:09.4,6,-0.371,0101000020E61000008437C1FF089FFFBFF766561E2FA54540,20230420_DACIA_ZARAUTZ_DONOSTIA_040,,d1,53:40.9,12:06.9,DACIA_SPRING,Dacia Spring 33 kW,33000,139,10:56.2,4.3,6.8,170,S,-1.520025047642251,-157.08336612601,29,115,,,,0.0,0.0,18.0,11,27,2,8,1
11:14.6,,,58,,98.5,,,,,,,40,-1.9772093000000002,43.290127000000005,147.60323,11:14.5,6,0.098,0101000020E6100000A5512E3FA6A2FFBF33D9EAE722A54540,20230420_DACIA_ZARAUTZ_DONOSTIA_040,,d1,53:40.9,12:06.9,DACIA_SPRING,Dacia Spring 33 kW,33000,139,10:56.2,4.3,6.8,170,S,-1.2465400366938744,-159.4371077701671,29,115,,,,0.0,0.0,18.0,11,27,2,25,1
11:20.1,,,58,,98.5,,,,,,,40,-1.9781263,43.289783,148.45154,11:20.5,6,-0.41,0101000020E6100000B69D79C467A6FFBF2A75A59317A54540,20230420_DACIA_ZARAUTZ_DONOSTIA_040,,d1,53:40.9,12:06.9,DACIA_SPRING,Dacia Spring 33 kW,33000,139,11:35.7,4.3,6.8,170,S,0.9910936750709701,-178.3806585640625,566,92,,,,0.0,133.0,428.0,5,501,65,55,2
11:25.6,,,59,,98.5,,,,,,,40,-1.9785153999999998,43.289772,149.62346000000002,11:25.6,6,0.07,0101000020E61000002837EABEFFA7FFBFD3B6E03117A54540,20230420_DACIA_ZARAUTZ_DONOSTIA_040,,d1,53:40.9,12:06.9,DACIA_SPRING,Dacia Spring 33 kW,33000,139,11:35.7,4.3,6.8,170,S,0.9229668527248817,-177.80085862021917,566,92,,,,0.0,133.0,428.0,5,501,65,55,2
11:31.3,,,58,,98.5,,,,,,,40,-1.9790883000000001,43.28975,152.09229,11:31.6,6,-0.349,0101000020E6100000CEDDB87758AAFFBFC419AF8216A54540,20230420_DACIA_ZARAUTZ_DONOSTIA_040,,d1,53:40.9,12:06.9,DACIA_SPRING,Dacia Spring 33 kW,33000,139,11:35.7,4.3,6.8,170,S,-4.552312326221584,-127.97477676557453,566,92,,,,0.0,133.0,428.0,5,501,65,25,2
11:36.8,,,58,,98.5,,,,,,,40,-1.9794942,43.289229999999996,153.58827,11:36.7,6,0.091,0101000020E6100000A6EAEB1D02ACFFBF4FCFB07405A54540,20230420_DACIA_ZARAUTZ_DONOSTIA_040,,d1,53:40.9,12:06.9,DACIA_SPRING,Dacia Spring 33 kW,33000,139,11:35.7,4.3,6.8,170,S,-4.6188565466708695,-127.21543571550428,566,92,,,,0.0,133.0,428.0,5,501,65,55,2
11:42.3,,,58,,98.5,,,,,,,40,-1.98012,43.288406,155.08195,11:42.7,6,-0.39899999999999997,0101000020E610000069B0D23D92AEFFBF24A74E7EEAA44540,20230420_DACIA_ZARAUTZ_DONOSTIA_040,,d1,53:40.9,12:06.9,DACIA_SPRING,Dacia Spring 33 kW,33000,139,11:35.7,4.3,6.8,170,S,-5.950692078219492,-108.94297690351533,566,92,,,,0.0,133.0,428.0,5,501,65,25,2
11:48.1,,,58,,98.5,,,,,,,40,-1.9803805,43.287647,155.5752,11:47.7,6,0.42200000000000004,0101000020E610000092651682A3AFFFBFCFD9ECACD1A44540,20230420_DACIA_ZARAUTZ_DONOSTIA_040,,d1,53:40.9,12:06.9,DACIA_SPRING,Dacia Spring 33 kW,33000,139,11:35.7,4.3,6.8,170,S,-4.678797394385068,-126.52338657255368,566,92,,,,0.0,133.0,428.0,5,501,65,8,2
11:56.0,,,58,,98.5,,,,,,,40,-1.9810299999999998,43.286770000000004,158.60678000000001,11:55.8,6,0.192,0101000020E6100000C53D348E4CB2FFBF1AF208D8B4A44540,20230420_DACIA_ZARAUTZ_DONOSTIA_040,,d1,53:40.9,12:06.9,DACIA_SPRING,Dacia Spring 33 kW,33000,139,11:35.7,4.3,6.8,170,S,1.130405623134036,-179.56905077797575,29,115,,,,0.0,0.0,18.0,11,27,2,8,2
12:04.8,,,58,,98.5,,,,,,,40,-1.9823595,43.28676,161.33865,12:04.8,6,-0.018000000000000002,0101000020E61000008C02FC9CBEB7FFBF17A50684B4A44540,20230420_DACIA_ZARAUTZ_DONOSTIA_040,,d1,53:40.9,12:06.9,DACIA_SPRING,Dacia Spring 33 kW,33000,139,11:35.7,4.3,6.8,170,S,,,304,107,0.0,57.0,220.0,,,,27,297,7,25,2
