soc,route_code,driver,timestamp_data_utc,elv_spy,speed,amb_temp,soh,regenwh,Motor Pwr(w),Aux Pwr(100w),Motor Temp,Torque Nm,rpm,altitude,start_timestamp,end_timestamp,capacity,ref_consumption,Frontal_Wind,value_counts,total_time,distance
58,20230418_NISSAN_DONOSTIA_IRUN_013,d1,18/04/2023 10:06,118.1,18.8,17.0,99.27,-4223.4,2484.0,2.0,87.3,2.065,1189.5,118.7202296,30:26.9,08:11.1,62000.0,174.0,2.845855441167312,10,85.71428571428571,0.44761904761904764
59,20230418_NISSAN_DONOSTIA_IRUN_013,d1,18/04/2023 10:02,76.36363636363636,58.61818181818182,16.568181818181817,99.27,-4166.772727272727,7581.818181818182,2.0,86.9090909090909,2.1522727272727273,3995.0,76.828297,30:26.9,08:11.1,62000.0,174.0,2.72271062394331,22,188.57142857142856,3.07047619047619
59,20230419_NISSAN_TOLOSA_DONOSTIA_036,d4,19/04/2023 15:01,177.25,39.13,24.5,99.26,-708.05,4294.0,3.0,97.45,-0.5165,2639.4,177.600061,40:03.3,04:20.4,62000.0,174.0,-7.17531434539584,20,171.42857142857142,1.8633333333333333
60,20230418_NISSAN_DONOSTIA_IRUN_013,d1,18/04/2023 09:51,63.422222222222224,43.01111111111111,16.22222222222222,99.27,-3968.822222222222,5102.222222222223,2.0,84.37777777777778,0.9611111111111111,2942.0222222222224,63.97813071111111,30:26.9,08:11.1,62000.0,174.0,-0.45855494051745105,45,385.7142857142857,4.608333333333334
60,20230419_NISSAN_TOLOSA_DONOSTIA_036,d4,19/04/2023 14:59,121.11764705882354,51.03529411764706,24.852941176470587,99.26,-591.1764705882352,8082.35294117647,3.0,95.58823529411765,2.7570588235294116,3436.9411764705883,121.02418847058823,40:03.3,04:20.4,62000.0,174.0,-5.4099562591762576,17,145.71428571428572,2.065714285714286
61,20230418_NISSAN_DONOSTIA_IRUN_013,d1,18/04/2023 09:43,106.47619047619048,34.26309523809524,16.11904761904762,99.27000000000001,-3669.595238095238,2922.8571428571427,2.0,85.88095238095238,0.5697619047619048,2326.6190476190477,106.95510082142857,30:26.9,08:11.1,62000.0,174.0,-1.2330753211118395,84,720.0,6.852619047619048
61,20230419_NISSAN_TOLOSA_DONOSTIA_036,d4,19/04/2023 14:55,93.875,73.0625,25.479166833333334,99.26,-474.375,6086.666666666667,3.0,94.95833333333333,1.0579166666666666,4973.916666666667,94.30955133333333,40:03.3,04:20.4,62000.0,174.0,-9.099343549946369,24,205.71428571428572,4.175000000000001
62,20230418_NISSAN_DONOSTIA_IRUN_013,d1,18/04/2023 09:42,95.14285714285714,103.0,16.0,99.27,-3337.0,17280.0,2.0,91.14285714285714,3.3514285714285714,7070.0,95.21455742857142,30:26.9,08:11.1,62000.0,174.0,-2.107786133288004,7,60.0,1.7166666666666666
62,20230419_NISSAN_TOLOSA_DONOSTIA_036,d4,19/04/2023 14:53,92.6,88.91,26.8499996,99.26,-388.5,7330.0,3.0,94.15,1.3619999999999999,6013.45,93.29750755,40:03.3,04:20.4,62000.0,174.0,-4.615110184840665,20,171.42857142857142,4.233809523809524
63,20230418_NISSAN_DONOSTIA_IRUN_013,d1,18/04/2023 09:40,97.5625,100.4125,15.6562506875,99.27,-3316.625,12790.0,2.0,91.125,1.19,6764.1875,97.9852784375,30:26.9,08:11.1,62000.0,174.0,-0.6236063810233428,16,137.14285714285714,3.825238095238095
63,20230419_NISSAN_TOLOSA_DONOSTIA_036,d4,19/04/2023 14:48,111.21212121212122,78.3,27.848484848484848,99.26,-281.6060606060606,5435.151515151515,3.0,94.45454545454545,0.9057575757575758,5344.545454545455,111.79716587878788,40:03.3,04:20.4,62000.0,174.0,-7.188089918327349,33,282.85714285714283,6.152142857142857
64,20230418_NISSAN_DONOSTIA_IRUN_013,d1,18/04/2023 09:37,97.8,65.91499999999999,15.625000749999998,99.27,-3248.3,10922.0,2.05,90.1,1.1724999999999999,4417.5,98.323949,30:26.9,08:11.1,62000.0,174.0,-1.1139296090068802,20,171.42857142857142,3.138809523809523
64,20230419_NISSAN_TOLOSA_DONOSTIA_036,d4,19/04/2023 14:45,139.52380952380952,102.98095238095237,28.23809619047619,99.26,-187.14285714285714,10253.333333333334,3.0,94.71428571428571,0.7204761904761904,6983.380952380952,140.15198738095236,40:03.3,04:20.4,62000.0,174.0,-3.713958561212005,21,180.0,5.149047619047619
65,20230418_NISSAN_DONOSTIA_IRUN_013,d1,18/04/2023 09:30,110.64583333333333,37.581250000000004,16.4270834375,99.27,-2925.5416666666665,3764.1666666666665,2.0625,82.1875,0.5143749999999999,2513.1875,111.80694935416666,30:26.9,08:11.1,62000.0,174.0,-1.3649259167435115,48,411.42857142857144,4.295000000000001
65,20230418_NISSAN_ZARAUTZ_DONOSTIA_008,d2,18/04/2023 09:14,172.35714285714286,34.26428571428571,14.499999,99.27,-2639.285714285714,3331.4285714285716,2.0,92.42857142857143,0.162142857142857,2422.5,172.73176928571428,58:57.5,16:29.6,62000.0,174.0,2.5470688656949987,14,120.0,1.1421428571428571
65,20230419_NISSAN_TOLOSA_DONOSTIA_036,d4,19/04/2023 14:43,141.58823529411765,87.55882352941177,28.705882705882352,99.26,-141.41176470588235,10545.882352941177,3.0,94.11764705882354,1.1941176470588235,5908.35294117647,142.05108411764706,40:03.3,04:20.4,62000.0,174.0,-10.463282516832672,17,145.71428571428572,3.5440476190476193
66,20230418_NISSAN_ZARAUTZ_DONOSTIA_008,d2,18/04/2023 09:11,108.52631578947368,63.56842105263158,14.499998999999999,99.27,-2576.8947368421054,11467.368421052632,2.1052631578947367,92.78947368421052,0.5778947368421052,4422.578947368421,109.07018089473685,58:57.5,16:29.6,62000.0,174.0,1.1419455069613744,19,162.85714285714286,2.8757142857142854
66,20230419_NISSAN_TOLOSA_DONOSTIA_036,d4,19/04/2023 14:40,156.9,38.345,29.7749998,99.26,-66.3,7066.0,3.0,88.05,1.488,2407.35,157.287969,40:03.3,04:20.4,62000.0,174.0,0.17895286896492238,20,171.42857142857142,1.8259523809523808
66,20230420_NISSAN_HERNANI_EIBAR_048,d3,20/04/2023 09:55,202.04597701149424,21.513793103448275,21.247126459770115,99.25,-1614.632183908046,2233.103448275862,3.0344827586206895,88.22988505747126,0.2674712643678161,1479.2528735632184,202.61458873563217,11:14.5,07:44.5,62000.0,174.0,-3.7363724233363316,87,745.7142857142857,4.456428571428571
67,20230418_NISSAN_ZARAUTZ_DONOSTIA_008,d2,18/04/2023 09:06,171.6060606060606,98.55757575757576,14.363635636363636,99.27,-2302.060606060606,9884.848484848484,2.0,95.0,0.0827272727272727,6692.666666666667,172.36063775757574,58:57.5,16:29.6,62000.0,174.0,-4.109719211805386,33,282.85714285714283,7.743809523809524
67,20230420_NISSAN_HERNANI_EIBAR_048,d3,20/04/2023 09:50,183.53333333333333,44.67666666666666,20.766667733333332,99.25,-1322.4333333333334,6452.0,3.0,92.16666666666667,0.8216666666666667,3010.0,183.82368466666668,11:14.5,07:44.5,62000.0,174.0,-6.417492785729833,30,257.1428571428571,3.1911904761904757
68,20230418_NISSAN_ZARAUTZ_DONOSTIA_008,d2,18/04/2023 09:05,193.28571428571428,103.45714285714287,14.499999,99.27,-2136.0,19611.428571428572,2.0,95.57142857142857,3.067142857142857,7058.714285714285,193.1570385714286,58:57.5,16:29.6,62000.0,174.0,-4.692550351856737,7,60.0,1.7242857142857144
68,20230419_NISSAN_DONOSTIA_TOLOSA_035,d4,19/04/2023 13:55,115.47619047619048,70.80952380952381,27.19047619047619,99.26,-889.047619047619,5579.047619047619,3.0,97.47619047619048,0.17095238095238102,4911.809523809524,115.80136685714285,33:44.8,58:01.1,62000.0,174.0,12.013576813700926,21,180.0,3.5404761904761908
68,20230420_NISSAN_HERNANI_EIBAR_048,d3,20/04/2023 09:48,157.33333333333334,95.55,20.91666833333333,99.25,-1221.5,15916.666666666666,3.0,91.25,1.5533333333333335,6469.833333333333,157.55222166666667,11:14.5,07:44.5,62000.0,174.0,-6.576011221754714,12,102.85714285714286,2.73
69,20230418_NISSAN_ZARAUTZ_DONOSTIA_008,d2,18/04/2023 09:04,137.57142857142858,101.88571428571429,14.499999,99.27,-2125.1428571428573,13794.285714285714,2.0,92.85714285714286,2.254285714285714,7035.857142857143,137.15569714285715,58:57.5,16:29.6,62000.0,174.0,-6.136602257459485,7,60.0,1.698095238095238
69,20230419_NISSAN_DONOSTIA_TOLOSA_035,d4,19/04/2023 13:52,107.73333333333333,95.78666666666666,27.5,99.26,-815.4,8346.666666666666,3.0,96.4,1.8126666666666664,6479.0,108.15028093333333,33:44.8,58:01.1,62000.0,174.0,11.203424275676692,15,128.57142857142856,3.4209523809523805
69,20230420_NISSAN_HERNANI_EIBAR_048,d3,20/04/2023 09:45,124.15,77.78,19.9999999,99.25,-1198.95,9204.0,3.0,91.9,1.27,5266.6,124.24633209999999,11:14.5,07:44.5,62000.0,174.0,-1.8155838293593205,20,171.42857142857142,3.7038095238095234
70,20230418_NISSAN_ZARAUTZ_DONOSTIA_008,d2,18/04/2023 09:03,85.33333333333333,100.33333333333333,14.499999,99.27,-2111.75,16550.0,2.0,89.16666666666667,1.9866666666666666,6845.0,85.67474958333334,58:57.5,16:29.6,62000.0,174.0,-5.073254391174725,12,102.85714285714286,2.8666666666666667
70,20230419_NISSAN_DONOSTIA_TOLOSA_035,d4,19/04/2023 13:46,106.125,90.52083333333333,27.20833275,99.26,-693.0416666666666,9815.0,3.0416666666666665,93.66666666666667,0.8879166666666666,6011.833333333333,106.58766920833334,33:44.8,58:01.1,62000.0,174.0,10.018687269551522,24,205.71428571428572,5.1726190476190474
70,20230420_NISSAN_HERNANI_EIBAR_048,d3,20/04/2023 09:41,124.75,96.86785714285715,17.982143428571426,99.25,-1043.7857142857142,8718.57142857143,3.0714285714285716,92.32142857142857,0.35178571428571426,6551.321428571428,125.89189024999999,11:14.5,07:44.5,62000.0,174.0,2.476321539217595,28,240.0,6.457857142857143
71,20230418_NISSAN_ZARAUTZ_DONOSTIA_008,d2,18/04/2023 09:00,55.15,36.495,14.324999350000002,99.27,-2078.7,8456.0,2.0,86.25,1.2925,2408.0,55.58021585,58:57.5,16:29.6,62000.0,174.0,-1.3583572883386892,20,171.42857142857142,1.7378571428571425
71,20230419_NISSAN_DONOSTIA_IRUN_029,d4,19/04/2023 09:38,84.48571428571428,37.4,21.3999988,99.26,-1611.1714285714286,5288.0,3.0,88.77142857142857,0.496,2572.0857142857144,84.7932224,04:26.1,41:47.9,62000.0,174.0,0.4916980300511673,35,300.0,3.1166666666666663
71,20230419_NISSAN_DONOSTIA_TOLOSA_035,d4,19/04/2023 13:45,107.96296296296296,50.885185185185186,26.87037,99.26,-629.2222222222222,7220.740740740741,3.037037037037037,93.33333333333333,0.5837037037037037,3401.777777777778,108.76923237037036,33:44.8,58:01.1,62000.0,174.0,8.358050366706316,27,231.42857142857142,3.2711904761904758
71,20230420_NISSAN_EIBAR_DONOSTIA_054,d4,20/04/2023 15:02,163.55555555555554,30.627777777777776,17.5,99.24,-1353.2777777777778,3442.222222222222,3.0,88.44444444444444,0.10222222222222227,2132.222222222222,164.01032222222224,19:34.5,05:18.0,62000.0,174.0,-4.40939115186845,18,154.28571428571428,1.3126190476190476
71,20230420_NISSAN_HERNANI_EIBAR_048,d3,20/04/2023 09:39,185.125,96.39375,18.500000125,99.25,-902.9375,9330.0,3.1875,95.75,1.11625,6487.625,185.2990525,11:14.5,07:44.5,62000.0,174.0,2.0333074851312714,16,137.14285714285714,3.6721428571428567
72,20230418_NISSAN_TOLOSA_ZARAUTZ_007,d2,18/04/2023 08:50,100.96825396825396,65.81904761904762,13.96031746031746,99.27,-1777.6190476190477,4867.936507936508,2.0,89.92063492063492,0.12031746031746034,4489.68253968254,101.54527261904762,29:02.0,58:57.5,62000.0,174.0,3.886054727841481,63,540.0,9.872857142857143
72,20230418_NISSAN_ZARAUTZ_DONOSTIA_008,d2,18/04/2023 08:59,51.22222222222222,24.98888888888889,14.0,99.27,-2011.3333333333333,3035.5555555555557,2.0,84.33333333333333,2.066666666666667,1628.888888888889,51.689804555555554,58:57.5,16:29.6,62000.0,174.0,-6.030796977571132,9,77.14285714285714,0.5354761904761905
72,20230419_NISSAN_DONOSTIA_IRUN_029,d4,19/04/2023 09:24,51.37931034482759,37.15689655172414,20.89655203448276,99.26,-1443.4310344827586,3355.862068965517,3.0,86.06896551724138,0.8779310344827587,2542.0,51.90943739655172,04:26.1,41:47.9,62000.0,174.0,1.7653276712862853,58,497.1428571428571,5.131190476190476
72,20230419_NISSAN_DONOSTIA_TOLOSA_035,d4,19/04/2023 13:35,103.56756756756756,35.413513513513514,25.216216594594595,99.26,-370.9189189189189,4329.72972972973,3.0,89.72972972972973,1.3286486486486486,2395.4054054054054,103.92744213513514,33:44.8,58:01.1,62000.0,174.0,7.257294539393736,37,317.1428571428571,3.1197619047619045
72,20230420_NISSAN_EIBAR_DONOSTIA_054,d4,20/04/2023 14:56,115.36,57.04,17.5,99.24,-1280.6,7532.8,3.08,87.92,1.0364,3941.6,115.3742008,19:34.5,05:18.0,62000.0,174.0,1.8296568924068364,25,214.28571428571428,3.395238095238095
72,20230420_NISSAN_HERNANI_EIBAR_048,d3,20/04/2023 09:38,137.83333333333334,112.60000000000001,18.999998,99.25,-817.0,26526.666666666668,3.0,93.66666666666667,2.9483333333333337,7671.0,137.00520583333335,11:14.5,07:44.5,62000.0,174.0,-0.6966983059509367,6,51.42857142857143,1.6085714285714288
73,20230418_NISSAN_TOLOSA_ZARAUTZ_007,d2,18/04/2023 08:49,205.57142857142858,93.7,14.0,99.27,-1427.0,24000.0,2.0,90.42857142857143,1.8585714285714285,6375.428571428572,205.8281514285714,29:02.0,58:57.5,62000.0,174.0,4.571439442813658,7,60.0,1.5616666666666668
73,20230419_NISSAN_AZPEITIA_DONOSTIA_032,d3,19/04/2023 13:23,158.8181818181818,30.686363636363637,23.38636518181818,99.26,-1561.8181818181818,5636.363636363636,3.0,97.22727272727273,0.8877272727272728,2052.7272727272725,159.09862727272727,48:13.9,26:13.9,62000.0,174.0,2.9777315331713083,22,188.57142857142856,1.6073809523809524
73,20230419_NISSAN_DONOSTIA_IRUN_029,d4,19/04/2023 09:19,87.46478873239437,44.076056338028174,20.169014084507044,99.26,-1172.4788732394366,4632.112676056338,3.0,91.08450704225352,0.4909859154929577,3002.1408450704225,88.07228495774648,04:26.1,41:47.9,62000.0,174.0,-3.710873417608893,71,608.5714285714286,7.450952380952381
73,20230419_NISSAN_DONOSTIA_TOLOSA_035,d4,19/04/2023 13:33,122.62222222222222,34.14666666666666,24.755555555555556,99.25999999999999,-216.46666666666667,2926.222222222222,3.0,88.06666666666666,0.8200000000000002,2310.733333333333,123.3063842,33:44.8,58:01.1,62000.0,174.0,1.7479510162256215,45,385.7142857142857,3.6585714285714284
73,20230420_NISSAN_EIBAR_DONOSTIA_054,d4,20/04/2023 14:54,215.54545454545453,93.31818181818181,17.5,99.24,-1084.6363636363637,6327.272727272727,3.0,90.54545454545455,0.5790909090909091,6270.484848484848,216.3320940909091,19:34.5,05:18.0,62000.0,174.0,5.266848097293813,33,282.85714285714283,7.332142857142856
73,20230420_NISSAN_HERNANI_EIBAR_048,d3,20/04/2023 09:36,104.66666666666667,106.05,18.666667333333333,99.25,-807.0,12480.0,3.0,92.0,1.8366666666666667,7167.083333333333,105.16510916666665,11:14.5,07:44.5,62000.0,174.0,2.9321852835064823,12,102.85714285714286,3.0300000000000002
74,20230418_NISSAN_TOLOSA_ZARAUTZ_007,d2,18/04/2023 08:46,174.66666666666666,82.06666666666666,14.133333066666667,99.27,-1406.4666666666667,10301.333333333334,2.066666666666667,88.46666666666667,0.8806666666666666,5534.933333333333,175.11131133333336,29:02.0,58:57.5,62000.0,174.0,2.1499042814761777,15,128.57142857142856,2.9309523809523808
74,20230419_NISSAN_AZPEITIA_DONOSTIA_032,d3,19/04/2023 13:18,110.75,82.7,23.357144285714288,99.26,-1396.3214285714287,7762.857142857143,3.0357142857142856,95.67857142857143,0.8964285714285715,5637.142857142857,111.21188085714286,48:13.9,26:13.9,62000.0,174.0,-2.614063104388033,28,240.0,5.513333333333334
74,20230419_NISSAN_DONOSTIA_IRUN_029,d4,19/04/2023 09:19,84.0,113.8,20.0,99.26,-796.0,26760.0,3.0,93.0,2.598333333333333,7646.5,83.66132616666665,04:26.1,41:47.9,62000.0,174.0,-5.214210604152846,6,51.42857142857143,1.625714285714286
74,20230420_NISSAN_EIBAR_DONOSTIA_054,d4,20/04/2023 14:52,174.66666666666666,95.30000000000001,17.5,99.24,-943.0,15364.444444444445,3.0,90.33333333333333,2.4566666666666666,6499.444444444444,174.43149666666667,19:34.5,05:18.0,62000.0,174.0,5.597173122821883,9,77.14285714285714,2.0421428571428573
74,20230420_NISSAN_HERNANI_EIBAR_048,d3,20/04/2023 09:35,89.33333333333333,100.55833333333334,18.833332666666667,99.25,-774.0,13370.0,3.0,91.0,1.84,6774.083333333333,88.75280958333333,11:14.5,07:44.5,62000.0,174.0,5.277616921091376,12,102.85714285714286,2.8730952380952384
75,20230418_NISSAN_TOLOSA_ZARAUTZ_007,d2,18/04/2023 08:45,116.77777777777777,85.8111111111111,14.499998999999999,99.27,-1371.888888888889,16888.88888888889,2.0,86.77777777777777,2.9366666666666665,5986.555555555556,117.45355411111112,29:02.0,58:57.5,62000.0,174.0,-3.53593157386321,9,77.14285714285714,1.8388095238095237
75,20230419_NISSAN_ANDOAIN_AZPEITIA_031,d3,19/04/2023 11:32,723.0,43.099999999999994,18.115385230769228,99.26,-1292.076923076923,3658.4615384615386,3.0,102.61538461538461,0.08692307692307688,2850.230769230769,727.0111569230769,06:14.2,50:07.4,62000.0,174.0,-3.7349290204866525,13,111.42857142857143,1.334047619047619
75,20230419_NISSAN_AZPEITIA_DONOSTIA_032,d3,19/04/2023 13:15,198.0,98.3125,23.333334666666662,99.26,-1173.5,9011.666666666666,3.0,98.25,0.785,6648.958333333333,198.6719564583333,48:13.9,26:13.9,62000.0,174.0,-3.078845739116445,24,205.71428571428572,5.617857142857144
75,20230419_NISSAN_DONOSTIA_IRUN_029,d4,19/04/2023 09:16,90.625,100.33125,19.49999975,99.26,-759.875,13807.5,3.0,91.75,1.336875,6796.6875,91.27980825,04:26.1,41:47.9,62000.0,174.0,-9.277380572248498,16,137.14285714285714,3.8221428571428566
75,20230420_NISSAN_EIBAR_DONOSTIA_054,d4,20/04/2023 14:51,104.71428571428571,103.58571428571429,17.642857142857142,99.24,-943.0,20702.85714285714,3.0,88.85714285714286,2.6471428571428572,7041.0,104.06125142857142,19:34.5,05:18.0,62000.0,174.0,5.954167718985152,7,60.0,1.7264285714285714
75,20230420_NISSAN_HERNANI_EIBAR_048,d3,20/04/2023 09:32,91.61111111111111,100.44444444444444,18.722221444444447,99.25,-739.6666666666666,8806.666666666666,3.1666666666666665,90.22222222222223,0.5577777777777777,6832.777777777777,92.09921927777778,11:14.5,07:44.5,62000.0,174.0,3.5399681079782583,18,154.28571428571428,4.304761904761905
76,20230418_NISSAN_AZPEITIA_DONOSTIA_016,d2,18/04/2023 14:07,160.57692307692307,34.723076923076924,15.500001,99.27,-1219.7692307692307,4636.923076923077,3.0,90.07692307692308,0.7815384615384615,2355.730769230769,160.9581492307692,30:53.2,11:06.0,62000.0,174.0,-0.27223617958695195,26,222.85714285714286,2.1495238095238096
76,20230418_NISSAN_TOLOSA_ZARAUTZ_007,d2,18/04/2023 08:42,82.04347826086956,79.0304347826087,14.021739086956522,99.27,-1350.9565217391305,8467.826086956522,2.0,85.04347826086956,1.6069565217391304,5370.869565217391,82.60448195652174,29:02.0,58:57.5,62000.0,174.0,-2.8549194989033286,23,197.14285714285714,4.327857142857143
76,20230419_NISSAN_ANDOAIN_AZPEITIA_031,d3,19/04/2023 11:30,597.9782608695652,44.63260869565217,18.20652208695652,99.26,-1576.5,4031.304347826087,3.0,98.06521739130434,-0.3934782608695652,3054.6739130434785,599.4428391304348,06:14.2,50:07.4,62000.0,174.0,-7.064755992902244,46,394.2857142857143,4.888333333333334
76,20230419_NISSAN_AZPEITIA_DONOSTIA_032,d3,19/04/2023 13:14,170.25,100.225,22.4375,99.26,-1040.0,17525.0,3.0,96.5,2.8125,6829.875,168.94934625,48:13.9,26:13.9,62000.0,174.0,-2.583035728268625,8,68.57142857142857,1.9090476190476187
76,20230419_NISSAN_DONOSTIA_IRUN_029,d4,19/04/2023 09:13,91.73913043478261,58.26521739130435,18.608696782608696,99.26,-634.6521739130435,8626.08695652174,3.0869565217391304,91.26086956521739,1.2230434782608695,3922.608695652174,92.2489317826087,04:26.1,41:47.9,62000.0,174.0,-4.998421219039973,23,197.14285714285714,3.190714285714286
76,20230420_NISSAN_DONOSTIA_HERNANI_046,d3,20/04/2023 08:12,107.38775510204081,35.779591836734696,16.520408163265305,99.25,-2476.5102040816328,2714.285714285714,3.0,88.75510204081633,-0.3820408163265306,2467.4285714285716,108.22875253061224,12:06.9,19:16.2,62000.0,174.0,0.6318871297546538,49,420.0,4.174285714285714
76,20230420_NISSAN_EIBAR_DONOSTIA_054,d4,20/04/2023 14:50,79.0909090909091,97.64545454545454,18.0,99.24,-941.1818181818181,10629.09090909091,3.0,87.81818181818181,1.6481818181818182,6605.363636363636,79.498599,19:34.5,05:18.0,62000.0,174.0,5.801848192332764,11,94.28571428571428,2.557380952380952
76,20230420_NISSAN_HERNANI_EIBAR_048,d3,20/04/2023 09:31,71.0,103.4,18.0,99.25,-716.4444444444445,15720.0,3.0,89.11111111111111,2.362222222222222,6946.666666666667,71.13923333333334,11:14.5,07:44.5,62000.0,174.0,3.234985360890489,9,77.14285714285714,2.2157142857142857
76,20230420_NISSAN_ZARAUTZ_DONOSTIA_044,d3,20/04/2023 08:11,169.0,57.0,17.0,99.25,-2146.0,10906.666666666666,3.0,90.66666666666667,2.4499999999999997,3772.3333333333335,168.98887000000002,53:40.9,12:06.9,62000.0,174.0,-2.7378997057630468,3,25.714285714285715,0.4071428571428572
77,20230418_NISSAN_ANDOAIN_AZPEITIA_015,d1,18/04/2023 11:58,652.2708333333334,44.68958333333333,13.59375,99.27,-1250.5625,4754.166666666667,2.0,95.1875,-1.3833333333333335,3104.9583333333335,656.6967527083333,33:01.3,13:56.6,62000.0,174.0,-1.8941981616819363,48,411.42857142857144,5.107380952380953
77,20230418_NISSAN_AZPEITIA_DONOSTIA_016,d2,18/04/2023 14:02,112.9375,83.396875,15.87500025,99.27,-1073.96875,8705.0,3.0625,91.03125,0.8853125,5631.15625,114.645851875,30:53.2,11:06.0,62000.0,174.0,-2.0613604467695903,32,274.2857142857143,6.354047619047618
77,20230418_NISSAN_TOLOSA_ZARAUTZ_007,d2,18/04/2023 08:37,101.41379310344827,86.19655172413792,13.620689896551724,99.27,-1270.7586206896551,6706.206896551724,2.0,84.20689655172414,0.37862068965517237,5917.068965517241,101.87590124137931,29:02.0,58:57.5,62000.0,174.0,-2.446541480409436,29,248.57142857142856,5.951666666666665
77,20230419_NISSAN_ANDOAIN_AZPEITIA_031,d3,19/04/2023 11:28,431.15909090909093,40.63409090909091,19.340908136363637,99.26,-1927.0227272727273,3339.090909090909,3.0,96.13636363636364,-0.07227272727272725,2733.340909090909,432.29714045454546,06:14.2,50:07.4,62000.0,174.0,-4.454186748680821,44,377.1428571428571,4.256904761904761
77,20230419_NISSAN_AZPEITIA_DONOSTIA_032,d3,19/04/2023 13:13,96.5,102.26666666666667,21.583331666666666,99.26,-1040.0,26280.0,3.0,94.0,3.6916666666666664,6913.666666666667,96.111521,48:13.9,26:13.9,62000.0,174.0,-1.9776081909153032,6,51.42857142857143,1.460952380952381
77,20230419_NISSAN_DONOSTIA_IRUN_029,d4,19/04/2023 09:04,118.71428571428571,31.13174603174603,19.015872603174603,99.26,-219.15873015873015,3395.5555555555557,3.0476190476190474,82.38095238095238,0.42730158730158735,2069.0793650793653,119.38903028571428,04:26.1,41:47.9,62000.0,174.0,-1.909027850673908,63,540.0,4.669761904761904
77,20230419_NISSAN_ZARAUTZ_DONOSTIA_024,d4,19/04/2023 08:33,170.5,31.71,16.0,99.26,-2036.4,2264.0,3.0,89.6,1.113,2178.5,170.845886,17:20.6,35:10.0,62000.0,174.0,-1.3154465915886167,10,85.71428571428571,0.755
77,20230420_NISSAN_EIBAR_DONOSTIA_054,d4,20/04/2023 14:45,74.94285714285714,66.29714285714286,17.885714285714286,99.24,-876.1428571428571,5442.285714285715,3.057142857142857,88.11428571428571,0.5528571428571429,4511.942857142857,75.68259462857144,19:34.5,05:18.0,62000.0,174.0,7.14821921025754,35,300.0,5.524761904761904
77,20230420_NISSAN_HERNANI_EIBAR_048,d3,20/04/2023 09:24,126.65957446808511,84.12765957446808,19.095744808510638,99.25,-543.5744680851063,5930.212765957447,3.0,89.68085106382979,0.40085106382978725,5695.255319148936,127.64016793617022,11:14.5,07:44.5,62000.0,174.0,4.305138362811511,47,402.85714285714283,9.414285714285713
77,20230420_NISSAN_ZARAUTZ_DONOSTIA_044,d3,20/04/2023 08:08,129.0,43.12173913043478,16.695652173913043,99.25,-2117.695652173913,7353.04347826087,3.0,89.73913043478261,1.8239130434782609,2920.086956521739,129.18502152173912,53:40.9,12:06.9,62000.0,174.0,-2.317902315658679,23,197.14285714285714,2.361428571428571
78,20230418_NISSAN_ANDOAIN_AZPEITIA_015,d1,18/04/2023 11:56,470.89473684210526,43.23684210526316,14.342104894736844,99.27,-1691.7894736842106,4274.736842105263,2.0,92.73684210526316,0.3068421052631579,2923.342105263158,465.6589552631579,33:01.3,13:56.6,62000.0,174.0,-5.058716864869439,38,325.7142857142857,3.9119047619047618
78,20230418_NISSAN_AZPEITIA_DONOSTIA_016,d2,18/04/2023 13:59,227.16666666666666,101.15,16.0,99.27,-823.3888888888889,13595.555555555555,3.0,93.88888888888889,0.4972222222222222,6812.5,227.91028444444444,30:53.2,11:06.0,62000.0,174.0,-1.1458780494077943,18,154.28571428571428,4.335
78,20230418_NISSAN_TOLOSA_ZARAUTZ_007,d2,18/04/2023 08:34,115.9047619047619,64.80952380952381,12.238094714285715,99.27000000000001,-1213.5238095238096,6394.285714285715,2.0476190476190474,82.0952380952381,2.1585714285714284,4335.952380952381,116.43706004761904,29:02.0,58:57.5,62000.0,174.0,-2.106801741820727,21,180.0,3.2404761904761905
78,20230419_NISSAN_ANDOAIN_AZPEITIA_031,d3,19/04/2023 11:25,252.04054054054055,37.09054054054054,21.37162137837838,99.26,-2535.0,3923.2432432432433,3.0,95.0945945945946,0.18040540540540537,2522.689189189189,253.733966027027,06:14.2,50:07.4,62000.0,174.0,-3.4318465379110936,74,634.2857142857142,6.534999999999999
78,20230419_NISSAN_AZPEITIA_DONOSTIA_032,d3,19/04/2023 13:12,75.46153846153847,100.76923076923077,21.499998,99.26,-1030.8461538461538,14387.692307692309,3.0,92.84615384615384,1.5876923076923077,6821.153846153846,75.89666961538461,48:13.9,26:13.9,62000.0,174.0,-1.2853850282937895,13,111.42857142857143,3.119047619047619
78,20230419_NISSAN_ZARAUTZ_DONOSTIA_024,d4,19/04/2023 08:30,120.9047619047619,51.10952380952381,16.071428571428573,99.26,-1977.1904761904761,7542.857142857143,3.0476190476190474,89.38095238095238,2.474285714285714,3455.6190476190477,121.11170880952382,17:20.6,35:10.0,62000.0,174.0,1.6791552845071922,21,180.0,2.5554761904761905
78,20230420_NISSAN_EIBAR_DONOSTIA_054,d4,20/04/2023 14:42,70.53846153846153,100.71538461538461,17.807692307692307,99.24,-819.2307692307693,12892.307692307691,3.0,89.07692307692308,1.5499999999999998,6856.461538461538,70.82275238461538,19:34.5,05:18.0,62000.0,174.0,9.20553096761598,13,111.42857142857143,3.117380952380952
78,20230420_NISSAN_HERNANI_EIBAR_048,d3,20/04/2023 09:23,204.0,96.3,19.5,99.25,-299.0,22906.666666666668,3.0,89.16666666666667,3.6999999999999997,6478.5,204.27618333333336,11:14.5,07:44.5,62000.0,174.0,-2.7037995234705754,6,51.42857142857143,1.375714285714286
78,20230420_NISSAN_ZARAUTZ_DONOSTIA_044,d3,20/04/2023 08:03,167.28571428571428,100.09142857142857,16.82857142857143,99.25,-1937.4285714285713,6797.714285714285,3.057142857142857,92.05714285714286,0.2705714285714285,6750.742857142857,168.48159257142856,53:40.9,12:06.9,62000.0,174.0,-0.6971394392136939,35,300.0,8.34095238095238
79,20230418_NISSAN_ANDOAIN_AZPEITIA_015,d1,18/04/2023 11:52,318.728813559322,40.1271186440678,15.898305220338983,99.27,-2063.6949152542375,3370.8474576271187,2.0,93.32203389830508,-0.08000000000000002,2748.406779661017,310.432163220339,33:01.3,13:56.6,62000.0,174.0,-5.892432412238773,59,505.7142857142857,5.636904761904763
79,20230418_NISSAN_AZPEITIA_DONOSTIA_016,d2,18/04/2023 13:58,145.375,103.8625,16.0,99.27,-769.0,16990.0,3.0,91.375,3.2425,7051.375,139.04606375,30:53.2,11:06.0,62000.0,174.0,-4.635573962285333,8,68.57142857142857,1.978333333333333
79,20230418_NISSAN_HERNANI_TOLOSA_006,d2,18/04/2023 08:24,125.61290322580645,41.438709677419354,12.72580664516129,99.27,-984.7741935483871,4446.451612903225,2.064516129032258,83.48387096774194,-0.0025806451612903677,2891.7096774193546,126.18808012903226,09:27.9,29:02.0,62000.0,174.0,0.17116651060692167,31,265.7142857142857,3.0585714285714287
79,20230418_NISSAN_TOLOSA_ZARAUTZ_007,d2,18/04/2023 08:29,123.3,33.0925,12.27499955,99.27,-1100.65,3679.0,2.0,80.05,0.885,2242.925,123.85990367499998,29:02.0,58:57.5,62000.0,174.0,-2.7202964499168942,40,342.85714285714283,3.1516666666666664
79,20230419_NISSAN_ANDOAIN_AZPEITIA_031,d3,19/04/2023 11:23,435.6666666666667,42.36666666666667,21.041667333333333,99.26,-1083.0,11163.333333333334,3.0,104.25,4.485833333333333,2831.4166666666665,412.1125108333333,06:14.2,50:07.4,62000.0,174.0,3.0187521948329814,12,102.85714285714286,1.2104761904761907
79,20230419_NISSAN_AZPEITIA_DONOSTIA_032,d3,19/04/2023 13:07,66.09677419354838,65.48709677419355,21.661290258064515,99.26,-948.6774193548387,6612.903225806452,3.129032258064516,94.35483870967742,0.9787096774193549,4463.322580645161,66.91213461290323,48:13.9,26:13.9,62000.0,174.0,0.9817404613591167,31,265.7142857142857,4.833571428571428
79,20230419_NISSAN_ZARAUTZ_DONOSTIA_024,d4,19/04/2023 08:25,156.97368421052633,93.21842105263158,16.43421052631579,99.26,-1740.921052631579,7585.263157894737,3.026315789473684,91.47368421052632,0.45526315789473687,6321.763157894737,157.817483,17:20.6,35:10.0,62000.0,174.0,-0.7764283576867678,38,325.7142857142857,8.43404761904762
79,20230420_NISSAN_EIBAR_BILBAO_050,d3,20/04/2023 11:30,120.15789473684211,26.763157894736842,23.18421126315789,99.25,-1129.2631578947369,5416.8421052631575,3.0,86.05263157894737,1.1521052631578947,1897.6315789473683,120.50224810526316,48:07.7,32:43.5,62000.0,174.0,4.1803077180856985,19,162.85714285714286,1.2107142857142856
79,20230420_NISSAN_EIBAR_DONOSTIA_054,d4,20/04/2023 14:40,71.75,98.4,18.156250625,99.24,-770.4375,11315.0,3.0,88.75,1.3575,6648.375,72.3221295625,19:34.5,05:18.0,62000.0,174.0,6.387792173910071,16,137.14285714285714,3.7485714285714287
79,20230420_NISSAN_HERNANI_EIBAR_048,d3,20/04/2023 09:21,169.8125,81.55,19.625,99.25,-290.0,10977.5,3.0625,88.8125,1.5393750000000002,5454.6875,169.5163025,11:14.5,07:44.5,62000.0,174.0,-2.1282551428203385,16,137.14285714285714,3.1066666666666665
79,20230420_NISSAN_ZARAUTZ_DONOSTIA_044,d3,20/04/2023 08:02,210.71428571428572,103.75714285714285,16.5,99.25,-1746.0,23314.285714285714,3.0,92.57142857142857,3.132857142857143,7027.428571428572,210.2757742857143,53:40.9,12:06.9,62000.0,174.0,0.6715964396338193,7,60.0,1.729285714285714
80,20230418_NISSAN_ANDOAIN_AZPEITIA_015,d1,18/04/2023 11:51,471.3333333333333,40.6,16.208333416666665,99.27,-914.0,9326.666666666666,2.0,99.33333333333333,3.3125,2889.8333333333335,457.30702249999996,33:01.3,13:56.6,62000.0,174.0,-0.530190055896539,12,102.85714285714286,1.1600000000000001
80,20230418_NISSAN_AZPEITIA_DONOSTIA_016,d2,18/04/2023 13:57,87.0,103.44285714285715,16.0,99.27,-769.0,27954.285714285714,3.0,88.28571428571429,2.301428571428571,7118.714285714285,86.86293428571427,30:53.2,11:06.0,62000.0,174.0,-2.586339179647731,7,60.0,1.724047619047619
80,20230418_NISSAN_HERNANI_TOLOSA_006,d2,18/04/2023 08:21,115.05263157894737,86.06842105263158,13.81578947368421,99.27,-867.7894736842105,11311.578947368422,2.0,82.89473684210526,1.8210526315789475,5825.9473684210525,115.60913663157896,09:27.9,29:02.0,62000.0,174.0,0.5452452717249027,19,162.85714285714286,3.8935714285714282
80,20230419_NISSAN_ANDOAIN_AZPEITIA_031,d3,19/04/2023 11:21,336.5,47.760000000000005,21.8499994,99.26,-1083.0,14104.0,3.0,103.9,4.402,3261.0,334.63050899999996,06:14.2,50:07.4,62000.0,174.0,-1.2277110491072238,10,85.71428571428571,1.1371428571428572
80,20230419_NISSAN_AZPEITIA_DONOSTIA_032,d3,19/04/2023 13:06,74.44444444444444,101.80000000000001,23.27777888888889,99.26,-863.0,15462.222222222223,3.0,97.0,2.5733333333333333,7005.222222222223,73.66911655555556,48:13.9,26:13.9,62000.0,174.0,2.0820745056183108,9,77.14285714285714,2.1814285714285715
80,20230419_NISSAN_ZARAUTZ_DONOSTIA_024,d4,19/04/2023 08:24,187.71428571428572,104.39999999999999,15.428571999999999,99.26,-1561.0,21125.714285714286,3.0,92.57142857142857,2.867142857142857,7129.571428571428,187.61704285714288,17:20.6,35:10.0,62000.0,174.0,-1.3762058127036756,7,60.0,1.7399999999999998
80,20230420_NISSAN_EIBAR_BILBAO_050,d3,20/04/2023 11:17,111.42857142857143,21.035714285714285,22.505952095238097,99.25,-1029.392857142857,2002.3809523809523,3.0,87.0,0.5508333333333333,1437.047619047619,111.92438844047618,48:07.7,32:43.5,62000.0,174.0,-3.6573557426511223,84,720.0,4.207142857142857
80,20230420_NISSAN_EIBAR_DONOSTIA_054,d4,20/04/2023 14:36,182.16129032258064,93.86451612903227,18.29032251612903,99.24,-650.3548387096774,6522.580645161291,3.096774193548387,90.87096774193549,0.5161290322580645,6307.645161290323,183.05306790322578,19:34.5,05:18.0,62000.0,174.0,11.892938145842532,31,265.7142857142857,6.9280952380952385
80,20230420_NISSAN_HERNANI_EIBAR_048,d3,20/04/2023 09:17,120.44444444444444,52.86666666666667,20.24074088888889,99.25,-212.03703703703704,6349.62962962963,3.0,86.29629629629629,1.9014814814814813,3512.703703703704,120.99538322222223,11:14.5,07:44.5,62000.0,174.0,1.8370885051614034,27,231.42857142857142,3.398571428571428
80,20230420_NISSAN_ZARAUTZ_DONOSTIA_044,d3,20/04/2023 08:00,144.88888888888889,95.74444444444444,16.166666666666668,99.25,-1741.3333333333333,17488.88888888889,3.0,89.77777777777777,2.9188888888888886,6494.111111111111,143.4407377777778,53:40.9,12:06.9,62000.0,174.0,0.33845134884053785,9,77.14285714285714,2.0516666666666667
81,20230418_NISSAN_ANDOAIN_AZPEITIA_015,d1,18/04/2023 11:49,370.2,46.42,17.15,99.27,-914.0,16348.0,2.0,97.7,3.308,3217.3,356.63141299999995,33:01.3,13:56.6,62000.0,174.0,-0.6534523903744982,10,85.71428571428571,1.1052380952380951
81,20230418_NISSAN_AZPEITIA_DONOSTIA_016,d2,18/04/2023 13:53,72.21428571428571,92.82857142857142,16.392857142857142,99.27,-752.9285714285714,14674.285714285714,2.857142857142857,87.28571428571429,0.8878571428571428,6319.214285714285,72.81840242857143,30:53.2,11:06.0,62000.0,174.0,-2.9726520653792425,14,120.0,3.094285714285714
81,20230418_NISSAN_HERNANI_TOLOSA_006,d2,18/04/2023 08:19,100.64285714285714,88.73571428571428,14.0,99.27,-843.7142857142857,11625.714285714286,2.0,81.42857142857143,1.1414285714285715,6034.714285714285,101.06919814285713,09:27.9,29:02.0,62000.0,174.0,1.6029103305620078,14,120.0,2.9578571428571427
81,20230419_NISSAN_ANDOAIN_AZPEITIA_031,d3,19/04/2023 11:20,210.0,46.73636363636364,22.5,99.26,-1075.3636363636363,12200.0,3.0,99.54545454545455,5.043636363636364,3190.090909090909,206.3178109090909,06:14.2,50:07.4,62000.0,174.0,-4.8314683120965825,11,94.28571428571428,1.224047619047619
81,20230419_NISSAN_AZPEITIA_DONOSTIA_032,d3,19/04/2023 13:04,89.06666666666666,100.82,24.133331866666666,99.26,-811.6666666666666,9514.666666666666,3.0,97.0,1.2786666666666666,6842.4,90.24364006666666,48:13.9,26:13.9,62000.0,174.0,-5.386713535341359,15,128.57142857142856,3.600714285714285
81,20230419_NISSAN_ZARAUTZ_DONOSTIA_024,d4,19/04/2023 08:23,117.57142857142857,107.57142857142857,14.714285142857145,99.26,-1549.857142857143,20102.85714285714,3.0,90.14285714285714,2.587142857142857,7358.285714285715,118.09406928571427,17:20.6,35:10.0,62000.0,174.0,-1.5333354944822128,7,60.0,1.7928571428571427
81,20230420_NISSAN_EIBAR_BILBAO_050,d3,20/04/2023 11:10,119.3,50.56399999999999,21.899999280000003,99.25,-637.6,5182.4,3.0,91.88,0.49800000000000005,3448.38,119.86978092,48:07.7,32:43.5,62000.0,174.0,-7.039839397543805,50,428.57142857142856,6.019523809523808
81,20230420_NISSAN_EIBAR_DONOSTIA_054,d4,20/04/2023 14:34,133.5,74.52000000000001,19.85,99.24,-561.4,14388.0,3.1,91.3,2.727,4788.0,136.9690005,19:34.5,05:18.0,62000.0,174.0,6.592095651875833,10,85.71428571428571,1.7742857142857145
81,20230420_NISSAN_HERNANI_EIBAR_048,d3,20/04/2023 09:11,71.7,27.880000000000003,22.1375001,99.25,-65.8,5371.0,3.0,80.575,1.452,1856.025,71.99555554999999,11:14.5,07:44.5,62000.0,174.0,-1.4821401723660184,40,342.85714285714283,2.6552380952380954
81,20230420_NISSAN_ZARAUTZ_DONOSTIA_044,d3,20/04/2023 07:59,82.83333333333333,98.66666666666667,16.375,99.25,-1722.0,13553.333333333334,3.0,85.83333333333333,1.8808333333333334,6709.083333333333,82.98221091666666,53:40.9,12:06.9,62000.0,174.0,-1.049247309158106,12,102.85714285714286,2.8190476190476192
82,20230418_NISSAN_ANDOAIN_AZPEITIA_015,d1,18/04/2023 11:48,265.3,46.730000000000004,17.6,99.27,-914.0,15972.0,2.0,93.8,4.316,3186.3,265.214066,33:01.3,13:56.6,62000.0,174.0,-6.66849620677151,10,85.71428571428571,1.1126190476190476
82,20230418_NISSAN_AZPEITIA_DONOSTIA_016,d2,18/04/2023 13:50,71.0909090909091,62.593939393939394,16.303030303030305,99.27,-685.7575757575758,7219.393939393939,2.3333333333333335,89.24242424242425,0.9054545454545455,4263.969696969697,71.61318430303031,30:53.2,11:06.0,62000.0,174.0,-0.5203264865427337,33,282.85714285714283,4.918095238095238
82,20230418_NISSAN_HERNANI_TOLOSA_006,d2,18/04/2023 08:15,122.86666666666666,72.67666666666668,13.966666666666667,99.27,-685.6333333333333,6664.0,2.033333333333333,79.0,1.5953333333333333,4912.933333333333,123.4845567,09:27.9,29:02.0,62000.0,174.0,1.7738530835804178,30,257.1428571428571,5.191190476190477
82,20230419_NISSAN_ANDOAIN_AZPEITIA_031,d3,19/04/2023 11:15,133.38709677419354,56.49354838709677,23.306452967741937,99.26,-1015.2903225806451,7503.225806451613,3.0,95.6774193548387,0.35967741935483866,3864.064516129032,133.54248587096774,06:14.2,50:07.4,62000.0,174.0,6.9348607858205025,31,265.7142857142857,4.169761904761905
82,20230419_NISSAN_AZPEITIA_DONOSTIA_032,d3,19/04/2023 13:00,90.07692307692308,53.150000000000006,24.807692307692307,99.26,-665.4615384615385,7486.153846153846,3.0384615384615383,94.57692307692308,1.673846153846154,3559.153846153846,90.39811515384615,48:13.9,26:13.9,62000.0,174.0,-3.55840413424199,26,222.85714285714286,3.2902380952380956
82,20230419_NISSAN_ZARAUTZ_DONOSTIA_024,d4,19/04/2023 08:21,67.5,104.33,14.849999700000001,99.26,-1545.6,13312.0,3.0,87.1,2.126,7067.4,67.6594306,17:20.6,35:10.0,62000.0,174.0,-0.48304479891998275,10,85.71428571428571,2.484047619047619
82,20230420_NISSAN_EIBAR_BILBAO_050,d3,20/04/2023 11:07,152.6086956521739,95.0086956521739,22.391304347826086,99.25,-401.0869565217391,9800.0,3.0,93.0,1.0608695652173912,6440.130434782609,153.1104156521739,48:07.7,32:43.5,62000.0,174.0,-16.202142486497632,23,197.14285714285714,5.202857142857142
82,20230420_NISSAN_EIBAR_DONOSTIA_054,d4,20/04/2023 14:32,87.61538461538461,93.69999999999999,20.65384692307692,99.24,-528.0769230769231,12781.538461538461,3.0,88.6923076923077,1.6323076923076922,6355.307692307692,87.93995953846154,19:34.5,05:18.0,62000.0,174.0,8.181812834591467,13,111.42857142857143,2.900238095238095
82,20230420_NISSAN_TOLOSA_ZARAUTZ_043,d3,20/04/2023 07:49,74.75,92.725,15.500001,99.25,-1412.5,3240.0,3.0,89.5,-0.7775,6342.75,75.24636625,24:28.4,53:40.9,62000.0,174.0,-1.897369931362051,4,34.285714285714285,0.8830952380952379
82,20230420_NISSAN_ZARAUTZ_DONOSTIA_044,d3,20/04/2023 07:53,57.27777777777778,23.305555555555557,16.208333333333332,99.25,-1674.4166666666667,4477.777777777777,3.0,82.52777777777777,1.2175,1555.75,57.73859241666667,53:40.9,12:06.9,62000.0,174.0,-1.9754250562412758,36,308.57142857142856,1.9976190476190478
83,20230418_NISSAN_ANDOAIN_AZPEITIA_015,d1,18/04/2023 11:45,158.8125,52.0125,18.06250025,99.27,-914.0,8902.5,2.0,90.8125,3.143125,3547.3125,146.1849225,33:01.3,13:56.6,62000.0,174.0,-0.09669101543018666,16,137.14285714285714,1.9814285714285713
83,20230418_NISSAN_AZPEITIA_DONOSTIA_016,d2,18/04/2023 13:48,81.63157894736842,95.94736842105263,16.44736842105263,99.27,-592.7368421052631,13416.842105263158,2.0,88.3157894736842,0.46473684210526317,6510.368421052632,82.00291036842106,30:53.2,11:06.0,62000.0,174.0,-5.142105688518535,19,162.85714285714286,4.34047619047619
83,20230418_NISSAN_HERNANI_TOLOSA_006,d2,18/04/2023 08:11,105.18518518518519,43.17777777777778,13.092593407407408,99.27,-544.5555555555555,6429.62962962963,2.074074074074074,74.07407407407408,1.2796296296296295,2905.4814814814813,105.57504796296297,09:27.9,29:02.0,62000.0,174.0,1.2621358098899877,27,231.42857142857142,2.7757142857142854
83,20230419_NISSAN_ANDOAIN_AZPEITIA_031,d3,19/04/2023 11:13,129.78571428571428,94.44285714285715,23.607143999999998,99.26,-879.2857142857143,12874.285714285714,3.0,94.92857142857143,1.957857142857143,6386.928571428572,129.88869571428572,06:14.2,50:07.4,62000.0,174.0,10.833154820080614,14,120.0,3.1480952380952383
83,20230419_NISSAN_AZPEITIA_DONOSTIA_032,d3,19/04/2023 12:54,107.82051282051282,60.705128205128204,25.0,99.26,-400.20512820512823,4965.128205128205,3.0,95.94871794871794,0.6566666666666666,4151.538461538462,108.53699330769231,48:13.9,26:13.9,62000.0,174.0,-10.224162919601426,39,334.2857142857143,5.636904761904762
83,20230419_NISSAN_ZARAUTZ_DONOSTIA_024,d4,19/04/2023 08:18,49.5,37.127272727272725,14.499999,99.26,-1512.2272727272727,7540.0,3.0,82.63636363636364,1.6677272727272727,2517.590909090909,50.10081418181819,17:20.6,35:10.0,62000.0,174.0,0.7952240681021688,22,188.57142857142856,1.9447619047619045
83,20230420_NISSAN_EIBAR_BILBAO_050,d3,20/04/2023 11:04,150.94117647058823,100.77058823529411,23.0,99.25,-365.47058823529414,9032.941176470587,3.0,93.0,1.1052941176470588,6836.294117647059,151.33357470588237,48:07.7,32:43.5,62000.0,174.0,-15.506683875218945,17,145.71428571428572,4.078809523809523
83,20230420_NISSAN_EIBAR_DONOSTIA_054,d4,20/04/2023 14:29,101.1,97.075,21.2999996,99.24,-482.2,8188.0,3.0,87.65,0.8125,6580.2,101.79667505,19:34.5,05:18.0,62000.0,174.0,1.9896748348500068,20,171.42857142857142,4.622619047619048
83,20230420_NISSAN_TOLOSA_ZARAUTZ_043,d3,20/04/2023 07:45,110.9622641509434,71.47547169811321,15.509434792452831,99.25,-1417.7735849056603,5175.094339622641,3.0,88.41509433962264,0.2850943396226415,4826.169811320755,112.09461409433962,24:28.4,53:40.9,62000.0,174.0,2.4114074688513667,53,454.2857142857143,9.01952380952381
83,20230420_NISSAN_ZARAUTZ_DONOSTIA_044,d3,20/04/2023 07:53,56.0,18.8,16.0,99.25,-1619.0,0.0,3.0,84.0,2.5,1383.0,56.879906000000005,53:40.9,12:06.9,62000.0,174.0,-0.6636597601829068,1,8.571428571428571,0.04476190476190476
84,20230418_NISSAN_ANDOAIN_AZPEITIA_015,d1,18/04/2023 11:41,143.11111111111111,76.57037037037037,18.500002,99.27,-782.1111111111111,9429.62962962963,2.0,89.85185185185185,0.7033333333333333,5231.481481481482,139.63493014814816,33:01.3,13:56.6,62000.0,174.0,2.6750618484539674,27,231.42857142857142,4.922380952380951
84,20230418_NISSAN_AZPEITIA_DONOSTIA_016,d2,18/04/2023 13:44,85.85714285714286,54.625,16.321428571428573,99.27,-474.25,7124.285714285715,2.0357142857142856,86.14285714285714,2.005,3643.1785714285716,86.21257282142857,30:53.2,11:06.0,62000.0,174.0,-3.461720317381684,28,240.0,3.6416666666666666
84,20230418_NISSAN_DONOSTIA_HERNANI_005,d2,18/04/2023 08:02,132.24489795918367,36.751020408163264,12.285713857142857,99.27,-289.9591836734694,2767.3469387755104,2.0,67.83673469387755,-0.006734693877551076,2503.918367346939,132.89661055102042,02:22.8,09:26.9,62000.0,174.0,1.6547044011607188,49,420.0,4.287619047619048
84,20230418_NISSAN_HERNANI_TOLOSA_006,d2,18/04/2023 08:09,94.13333333333334,16.880000000000003,13.000001,99.27,-492.26666666666665,2693.3333333333335,2.0,73.0,3.038,1179.6666666666667,94.70731933333333,09:27.9,29:02.0,62000.0,174.0,0.8879158514628719,15,128.57142857142856,0.6028571428571429
84,20230419_NISSAN_ANDOAIN_AZPEITIA_031,d3,19/04/2023 11:11,112.52631578947368,92.71052631578948,23.999998,99.26,-825.2631578947369,12042.105263157895,3.0,94.05263157894737,1.3210526315789475,6306.578947368421,112.98078131578947,06:14.2,50:07.4,62000.0,174.0,9.949573576924891,19,162.85714285714286,4.194047619047619
84,20230419_NISSAN_AZPEITIA_DONOSTIA_032,d3,19/04/2023 12:50,131.06896551724137,64.23448275862069,25.275862068965516,99.26,-130.75862068965517,8670.344827586207,3.0,95.27586206896552,1.2589655172413792,4321.448275862069,131.61344696551723,48:13.9,26:13.9,62000.0,174.0,-10.29821769173645,29,248.57142857142856,4.435238095238095
84,20230419_NISSAN_TOLOSA_ZARAUTZ_023,d4,19/04/2023 08:05,93.56962025316456,52.6493670886076,15.09493669620253,99.26,-1277.9746835443038,3480.0,3.0,83.69620253164557,0.3531645569620253,3575.8987341772154,94.04202626582278,45:35.1,17:20.6,62000.0,174.0,1.1719894678208183,79,677.1428571428571,9.903095238095238
84,20230419_NISSAN_ZARAUTZ_DONOSTIA_024,d4,19/04/2023 08:17,47.714285714285715,22.785714285714285,14.499999,99.26,-1450.2857142857142,2577.1428571428573,3.0,80.85714285714286,1.7171428571428573,1484.142857142857,48.203449285714285,17:20.6,35:10.0,62000.0,174.0,-1.721939915699266,7,60.0,0.37976190476190474
84,20230420_NISSAN_EIBAR_BILBAO_050,d3,20/04/2023 11:02,161.75,114.20833333333333,23.0,99.25,-322.9166666666667,13370.0,3.0,89.66666666666667,1.8041666666666665,7700.666666666667,162.40790333333334,48:07.7,32:43.5,62000.0,174.0,-15.16874802014186,12,102.85714285714286,3.263095238095238
84,20230420_NISSAN_EIBAR_DONOSTIA_054,d4,20/04/2023 14:27,142.73684210526315,89.97368421052632,21.526313894736845,99.24,-414.0,8002.105263157895,3.0,87.63157894736842,1.1273684210526316,6049.684210526316,143.52150005263158,19:34.5,05:18.0,62000.0,174.0,5.131427336383037,19,162.85714285714286,4.070238095238095
84,20230420_NISSAN_TOLOSA_ZARAUTZ_043,d3,20/04/2023 07:44,202.28571428571428,97.75714285714285,14.785713857142857,99.25,-1108.0,23045.714285714286,3.0,87.0,3.174285714285714,6589.285714285715,200.94407142857145,24:28.4,53:40.9,62000.0,174.0,-3.0771381550573302,7,60.0,1.6292857142857142
85,20230418_NISSAN_ANDOAIN_AZPEITIA_015,d1,18/04/2023 11:39,121.70588235294117,96.10000000000001,18.85294035294118,99.27,-687.2941176470588,9576.470588235294,2.0,86.76470588235294,1.1247058823529412,6520.058823529412,117.55643623529411,33:01.3,13:56.6,62000.0,174.0,6.0364623107942865,17,145.71428571428572,3.8897619047619054
85,20230418_NISSAN_AZPEITIA_DONOSTIA_016,d2,18/04/2023 13:37,105.13636363636364,57.070454545454545,17.125,99.27,-245.52272727272728,4430.0,2.0,85.9090909090909,0.9788636363636364,3893.318181818182,105.77649906818182,30:53.2,11:06.0,62000.0,174.0,-9.996536852323054,44,377.1428571428571,5.978809523809523
85,20230419_NISSAN_ANDOAIN_AZPEITIA_031,d3,19/04/2023 11:08,96.41176470588235,76.58823529411765,23.61764811764706,99.26,-738.0588235294117,8322.35294117647,3.0,91.29411764705883,1.8741176470588234,5154.941176470588,96.68148717647058,06:14.2,50:07.4,62000.0,174.0,6.620421179990295,17,145.71428571428572,3.1000000000000005
85,20230419_NISSAN_AZPEITIA_DONOSTIA_032,d3,19/04/2023 12:48,134.23529411764707,28.341176470588238,26.32352917647059,99.26,-28.705882352941178,3127.0588235294117,3.0,91.23529411764706,0.6882352941176472,1931.9411764705883,134.7517117647059,48:13.9,26:13.9,62000.0,174.0,-0.8347742976863677,17,145.71428571428572,1.1471428571428572
85,20230419_NISSAN_TOLOSA_ZARAUTZ_023,d4,19/04/2023 08:04,190.14285714285714,100.5,14.357142142857143,99.26,-996.0,20782.85714285714,3.0,85.71428571428571,2.882857142857143,6775.428571428572,190.08522142857143,45:35.1,17:20.6,62000.0,174.0,2.3750697813399846,7,60.0,1.675
85,20230420_NISSAN_EIBAR_BILBAO_050,d3,20/04/2023 10:58,175.54545454545453,105.45454545454545,23.045454727272727,99.25,-304.6363636363636,13621.818181818182,3.0,86.81818181818181,1.489090909090909,7054.181818181818,176.15775,48:07.7,32:43.5,62000.0,174.0,-16.68112947315918,11,94.28571428571428,2.7619047619047614
85,20230420_NISSAN_EIBAR_DONOSTIA_054,d4,20/04/2023 14:20,194.35555555555555,51.03999999999999,22.911111155555556,99.24000000000001,-156.9111111111111,5077.333333333333,3.1777777777777776,84.4888888888889,1.2304444444444445,3349.177777777778,194.8209971111111,19:34.5,05:18.0,62000.0,174.0,6.235392405369133,45,385.7142857142857,5.468571428571428
85,20230420_NISSAN_TOLOSA_ZARAUTZ_043,d3,20/04/2023 07:42,175.875,78.04375,14.499999,99.25,-1081.875,8765.0,3.0625,85.875,2.0675,5192.5,176.096230625,24:28.4,53:40.9,62000.0,174.0,-1.793686312785549,16,137.14285714285714,2.973095238095238
85,20230421_NISSAN_ULIA_HERNANI_058,d1,21/04/2023 08:53,120.97260273972603,31.290410958904108,15.500000369863015,99.23,-1256.2876712328766,3295.3424657534247,3.0,84.6027397260274,-0.3331506849315069,2119.6849315068494,121.53827587671232,22:09.1,03:42.1,62000.0,174.0,0.5280533664224221,73,625.7142857142857,5.438571428571428
86,20230418_NISSAN_ANDOAIN_AZPEITIA_015,d1,18/04/2023 11:37,107.4,93.74,18.266667733333332,99.27,-648.8,10088.0,2.0,83.93333333333334,1.6540000000000001,6323.0,105.17726259999999,33:01.3,13:56.6,62000.0,174.0,4.327567744588106,15,128.57142857142856,3.3478571428571424
86,20230418_NISSAN_AZPEITIA_DONOSTIA_016,d2,18/04/2023 13:31,130.975,43.1725,20.2375,99.27,-60.575,5204.0,2.0,85.025,1.423,2891.2,131.52461424999998,30:53.2,11:06.0,62000.0,174.0,-7.726944278218656,40,342.85714285714283,4.111666666666666
86,20230419_NISSAN_ANDOAIN_AZPEITIA_031,d3,19/04/2023 11:06,93.0,46.861111111111114,23.500002,99.26,-687.4444444444445,5062.222222222223,3.0,93.88888888888889,1.3961111111111113,3101.222222222222,93.61651433333333,06:14.2,50:07.4,62000.0,174.0,5.45950962600811,18,154.28571428571428,2.0083333333333333
86,20230419_NISSAN_IRUN_ANDOAIN_030,d3,19/04/2023 11:02,122.22222222222223,68.24814814814815,23.500002,99.26,-491.6296296296296,4934.814814814815,3.074074074074074,92.96296296296296,0.11703703703703698,4659.481481481482,122.41586144444445,46:22.3,06:14.2,62000.0,174.0,5.070027289539593,27,231.42857142857142,4.387380952380952
86,20230419_NISSAN_TOLOSA_ZARAUTZ_023,d4,19/04/2023 08:02,167.11764705882354,76.0764705882353,13.676470588235293,99.26,-974.8823529411765,8317.64705882353,3.0588235294117645,85.11764705882354,1.0511764705882354,5134.764705882353,167.16429058823527,45:35.1,17:20.6,62000.0,174.0,1.6926660219672083,17,145.71428571428572,3.0792857142857146
86,20230420_NISSAN_BILBAO_EIBAR_052,d4,20/04/2023 13:54,226.64935064935065,41.35454545454546,22.525974025974026,99.24,-487.2207792207792,2764.6753246753246,3.0779220779220777,87.74025974025975,0.2294805194805195,2802.4415584415583,227.29153623376624,33:44.3,05:18.4,62000.0,174.0,-0.7970613097243547,77,660.0,7.581666666666667
86,20230420_NISSAN_EIBAR_BILBAO_050,d3,20/04/2023 10:55,191.325,58.620000000000005,23.28750115,99.25,-229.25,4596.0,3.275,89.2,0.5157499999999999,3992.65,191.9698995,48:07.7,32:43.5,62000.0,174.0,-9.799225840658353,40,342.85714285714283,5.582857142857143
86,20230420_NISSAN_EIBAR_DONOSTIA_054,d4,20/04/2023 14:19,188.16666666666666,38.833333333333336,25.5,99.24,0.0,5846.666666666667,3.0,78.83333333333333,1.76,2632.0,188.56408333333331,19:34.5,05:18.0,62000.0,174.0,19.881948860933637,6,51.42857142857143,0.5547619047619049
86,20230420_NISSAN_TOLOSA_ZARAUTZ_043,d3,20/04/2023 07:40,103.3076923076923,80.3076923076923,14.230768769230771,99.25,-1037.6923076923076,12123.076923076924,3.0,83.3076923076923,2.746153846153846,5487.7692307692305,102.14834192307693,24:28.4,53:40.9,62000.0,174.0,0.9076577698280813,13,111.42857142857143,2.4857142857142858
86,20230421_NISSAN_ULIA_HERNANI_058,d1,21/04/2023 08:48,111.66666666666667,32.92777777777778,15.0,99.23,-907.5277777777778,4984.444444444444,3.0833333333333335,86.08333333333333,2.197222222222222,2253.472222222222,112.12112413888889,22:09.1,03:42.1,62000.0,174.0,2.7708496470744945,36,308.57142857142856,2.822380952380952
87,20230418_NISSAN_ANDOAIN_AZPEITIA_015,d1,18/04/2023 11:33,98.22222222222223,35.81111111111111,17.75925925925926,99.27,-632.4074074074074,3632.5925925925926,2.0,85.03703703703704,0.6277777777777779,2387.814814814815,97.90767611111112,33:01.3,13:56.6,62000.0,174.0,1.40271950137942,27,231.42857142857142,2.302142857142857
87,20230418_NISSAN_AZPEITIA_DONOSTIA_016,d2,18/04/2023 13:30,132.8,20.0,24.9,99.27,-4.8,1984.0,2.0,79.8,2.092,1092.8,133.37815799999998,30:53.2,11:06.0,62000.0,174.0,-2.616605857038178,5,42.857142857142854,0.23809523809523808
87,20230418_NISSAN_IRUN_ANDOAIN_014,d1,18/04/2023 11:29,122.54545454545455,62.5,17.454545454545453,99.27,-501.59090909090907,4178.181818181818,2.090909090909091,89.0909090909091,-0.1354545454545455,4260.181818181818,123.09529013636364,15:34.9,33:01.3,62000.0,174.0,1.5408191612559887,22,188.57142857142856,3.2738095238095233
87,20230419_NISSAN_IRUN_ANDOAIN_030,d3,19/04/2023 11:01,83.2,99.94,23.550001599999998,99.26,-397.0,16700.0,3.2,90.5,2.1990000000000003,6852.6,85.9829832,46:22.3,06:14.2,62000.0,174.0,4.639681564385594,10,85.71428571428571,2.379523809523809
87,20230419_NISSAN_TOLOSA_ZARAUTZ_023,d4,19/04/2023 08:00,97.2,89.61,12.800000599999999,99.26,-930.8,18084.0,3.0,82.1,3.098,6090.3,97.2362933,45:35.1,17:20.6,62000.0,174.0,3.344822503785526,10,85.71428571428571,2.1335714285714285
87,20230420_NISSAN_BILBAO_EIBAR_052,d4,20/04/2023 13:52,213.5,103.8,23.0,99.24,-226.8,14052.0,3.0,91.3,2.121,7017.5,213.595815,33:44.3,05:18.4,62000.0,174.0,9.702369496398205,10,85.71428571428571,2.471428571428571
87,20230420_NISSAN_EIBAR_BILBAO_050,d3,20/04/2023 10:52,266.6363636363636,93.21818181818183,23.181818909090907,99.25,-114.86363636363636,8212.727272727272,3.1363636363636362,91.4090909090909,1.255,6351.818181818182,267.83820272727274,48:07.7,32:43.5,62000.0,174.0,-11.76888321663629,22,188.57142857142856,4.8828571428571435
87,20230420_NISSAN_TOLOSA_ZARAUTZ_043,d3,20/04/2023 07:36,87.28,81.008,13.52,99.25,-991.12,7315.2,3.0,80.64,0.8123999999999999,5482.32,87.99489856,24:28.4,53:40.9,62000.0,174.0,1.4783218366327642,25,214.28571428571428,4.8219047619047615
87,20230421_NISSAN_ULIA_HERNANI_058,d1,21/04/2023 08:42,93.73684210526316,28.394736842105264,15.342105947368418,99.23,-664.7368421052631,4706.315789473684,3.0,80.28947368421052,1.1442105263157896,1986.9736842105262,94.03687505263159,22:09.1,03:42.1,62000.0,174.0,2.573174113452349,38,325.7142857142857,2.5690476190476192
88,20230418_NISSAN_IRUN_ANDOAIN_014,d1,18/04/2023 11:28,103.7,102.05,17.0,99.27,-389.0,15144.0,2.1,88.7,2.1390000000000002,6925.3,122.564898,15:34.9,33:01.3,62000.0,174.0,2.4109697990503336,10,85.71428571428571,2.4297619047619046
88,20230419_NISSAN_IRUN_ANDOAIN_030,d3,19/04/2023 10:55,87.63636363636364,85.31515151515151,23.1969703030303,99.26,-316.6666666666667,4688.484848484848,3.121212121212121,89.24242424242425,0.593030303030303,5827.666666666667,88.76745693939394,46:22.3,06:14.2,62000.0,174.0,3.5965176558045453,33,282.85714285714283,6.703333333333333
88,20230419_NISSAN_TOLOSA_ZARAUTZ_023,d4,19/04/2023 07:57,83.0,80.64399999999999,12.3999998,99.26,-899.16,7473.6,3.0,80.24,0.8804,5482.2,83.38523359999999,45:35.1,17:20.6,62000.0,174.0,2.4796538978179425,25,214.28571428571428,4.800238095238094
88,20230420_NISSAN_BILBAO_EIBAR_052,d4,20/04/2023 13:50,190.25,103.04375,22.9375,99.24,-220.5625,10740.0,3.0,90.5,1.33375,6992.625,190.64627125,33:44.3,05:18.4,62000.0,174.0,10.406131724515006,16,137.14285714285714,3.92547619047619
88,20230420_NISSAN_EIBAR_BILBAO_050,d3,20/04/2023 10:49,262.06666666666666,51.980000000000004,24.199999333333334,99.25,-54.4,9445.333333333334,3.0,90.66666666666667,2.707333333333333,3505.6,261.66459133333336,48:07.7,32:43.5,62000.0,174.0,-8.538043354176976,15,128.57142857142856,1.8564285714285715
88,20230420_NISSAN_TOLOSA_ZARAUTZ_043,d3,20/04/2023 07:32,109.96875,79.659375,12.968750374999999,99.25,-908.46875,5728.75,3.0,79.34375,0.8153125,5417.59375,110.6584151875,24:28.4,53:40.9,62000.0,174.0,2.164054962346118,32,274.2857142857143,6.069285714285714
88,20230421_NISSAN_DONOSTIA_ULIA_056,d2,21/04/2023 08:05,189.4,37.03,12.700000399999999,99.23,-1356.2,9096.0,3.0,82.1,2.673,2470.9,189.672976,01:37.4,06:35.4,62000.0,174.0,0.049503702778840045,10,85.71428571428571,0.8816666666666666
88,20230421_NISSAN_ULIA_HERNANI_058,d1,21/04/2023 08:22,82.26206896551724,19.283448275862067,14.527586427586206,99.23,-428.6620689655172,1465.103448275862,3.013793103448276,73.12413793103448,-0.17820689655172417,1328.7379310344827,82.87630352413794,22:09.1,03:42.1,62000.0,174.0,1.980486442973623,145,1242.857142857143,6.657380952380952
89,20230418_NISSAN_IRUN_ANDOAIN_014,d1,18/04/2023 11:26,71.33333333333333,97.34666666666666,16.766666666666666,99.27,-377.1333333333333,9866.666666666666,2.0,88.06666666666666,1.9246666666666667,6570.133333333333,70.9097012,15:34.9,33:01.3,62000.0,174.0,1.532494652770301,15,128.57142857142856,3.4766666666666666
89,20230419_NISSAN_IRUN_ANDOAIN_030,d3,19/04/2023 10:54,116.66666666666667,98.71333333333334,23.233334266666663,99.26,-211.0,11405.333333333334,3.1333333333333333,90.33333333333333,1.5553333333333332,6677.733333333334,116.93750886666666,46:22.3,06:14.2,62000.0,174.0,5.159211955269905,15,128.57142857142856,3.5254761904761907
89,20230419_NISSAN_TOLOSA_ZARAUTZ_023,d4,19/04/2023 07:53,98.92,88.59200000000001,12.05999976,99.26,-820.68,7904.0,3.0,79.4,0.8495999999999999,6019.96,99.46049732,45:35.1,17:20.6,62000.0,174.0,-1.3699219230636666,25,214.28571428571428,5.273333333333333
89,20230420_NISSAN_BILBAO_EIBAR_052,d4,20/04/2023 13:47,166.0,68.13157894736842,22.5,99.24,-186.68421052631578,9823.157894736842,3.0,89.73684210526316,1.874736842105263,4607.0,166.42539894736842,33:44.3,05:18.4,62000.0,174.0,10.110718679044256,19,162.85714285714286,3.0821428571428573
89,20230420_NISSAN_EIBAR_BILBAO_050,d3,20/04/2023 10:48,208.36363636363637,31.99090909090909,25.272727272727273,99.25,-9.636363636363637,8400.0,3.0,82.36363636363636,2.769090909090909,2019.090909090909,208.5367109090909,48:07.7,32:43.5,62000.0,174.0,2.2951853166566263,11,94.28571428571428,0.8378571428571427
89,20230420_NISSAN_TOLOSA_ZARAUTZ_043,d3,20/04/2023 07:25,124.02272727272727,45.33409090909091,12.215908522727274,99.25,-825.9090909090909,4702.727272727273,3.0,76.47727272727273,0.7756818181818183,3048.3636363636365,124.6379403181818,24:28.4,53:40.9,62000.0,174.0,2.011333533210598,44,377.1428571428571,4.749285714285714
89,20230421_NISSAN_DONOSTIA_ULIA_056,d2,21/04/2023 08:01,148.68965517241378,30.389655172413793,13.37931072413793,99.23,-1351.7931034482758,6271.724137931034,3.0,81.34482758620689,2.1399999999999997,2057.655172413793,149.05669410344828,01:37.4,06:35.4,62000.0,174.0,-0.4637960389940407,29,248.57142857142856,2.098333333333333
90,20230418_NISSAN_IRUN_ANDOAIN_014,d1,18/04/2023 11:22,105.61538461538461,94.77307692307691,16.692307692307693,99.27,-250.80769230769232,9464.615384615385,2.5,88.38461538461539,1.0234615384615384,6507.307692307692,109.98542696153847,15:34.9,33:01.3,62000.0,174.0,-1.8154241252588958,26,222.85714285714286,5.866904761904761
90,20230419_NISSAN_IRUN_ANDOAIN_030,d3,19/04/2023 10:51,115.72727272727273,94.41363636363636,23.818181272727273,99.26,-122.13636363636364,7409.090909090909,3.0,88.36363636363636,0.8263636363636363,6392.909090909091,116.35848227272727,46:22.3,06:14.2,62000.0,174.0,1.4890911879622613,22,188.57142857142856,4.94547619047619
90,20230419_NISSAN_TOLOSA_ZARAUTZ_023,d4,19/04/2023 07:49,114.83333333333333,61.175000000000004,10.729167208333331,99.26,-741.2083333333334,7925.0,3.0,76.79166666666667,1.6879166666666665,4084.4166666666665,115.48247533333334,45:35.1,17:20.6,62000.0,174.0,-0.04623066463151646,24,205.71428571428572,3.4957142857142864
90,20230420_NISSAN_BILBAO_EIBAR_052,d4,20/04/2023 13:45,144.0,104.79333333333334,22.033333333333335,99.24,-123.13333333333334,10674.666666666666,3.0,87.93333333333334,1.2593333333333334,7106.8,144.57971933333334,33:44.3,05:18.4,62000.0,174.0,10.15407663172305,15,128.57142857142856,3.7426190476190477
90,20230420_NISSAN_HERNANI_TOLOSA_042,d3,20/04/2023 07:19,123.15789473684211,49.421052631578945,12.921052999999999,99.25,-722.3421052631579,5247.368421052632,3.0526315789473686,82.97368421052632,0.14026315789473684,3489.5,123.80829039473684,03:27.6,24:28.4,62000.0,174.0,-1.6273104958676334,38,325.7142857142857,4.4714285714285715
90,20230420_NISSAN_TOLOSA_ZARAUTZ_043,d3,20/04/2023 07:24,129.57142857142858,17.014285714285712,12.5,99.25,-792.5714285714286,2205.714285714286,3.0,78.28571428571429,1.19,1191.2857142857142,129.481525,24:28.4,53:40.9,62000.0,174.0,1.7785606448227018,7,60.0,0.28357142857142853
90,20230421_NISSAN_DONOSTIA_ULIA_056,d2,21/04/2023 07:54,83.48,20.828000000000003,13.96,99.23,-1303.1,3998.4,3.0,79.28,1.402,1417.52,83.87601064,01:37.4,06:35.4,62000.0,174.0,0.264752061692933,50,428.57142857142856,2.4795238095238097
91,20230418_NISSAN_IRUN_ANDOAIN_014,d1,18/04/2023 11:21,92.5,99.1375,17.625,99.27,-172.0,20550.0,2.0,86.75,2.31625,6640.75,116.88099700000001,15:34.9,33:01.3,62000.0,174.0,4.308092040227626,8,68.57142857142857,1.8883333333333332
91,20230419_NISSAN_HERNANI_TOLOSA_022,d4,19/04/2023 07:40,123.46875,43.43125,11.109375,99.26,-585.1875,3762.5,3.0625,78.1875,0.7984375,3013.90625,123.99470425,26:51.9,45:35.1,62000.0,174.0,1.5165642138510407,32,274.2857142857143,3.3090476190476186
91,20230419_NISSAN_IRUN_ANDOAIN_030,d3,19/04/2023 10:46,110.28125,28.509375,23.8124995,99.26,-34.34375,4157.5,3.0,82.59375,1.9325,1942.09375,110.50247375,46:22.3,06:14.2,62000.0,174.0,1.5071968249085055,32,274.2857142857143,2.1721428571428567
91,20230419_NISSAN_TOLOSA_ZARAUTZ_023,d4,19/04/2023 07:45,122.40625,34.04375,11.31250009375,99.26,-656.09375,2908.75,3.0,74.53125,0.9390625,2306.1875,122.866836875,45:35.1,17:20.6,62000.0,174.0,2.524765869834901,32,274.2857142857143,2.593809523809524
91,20230420_NISSAN_BILBAO_EIBAR_052,d4,20/04/2023 13:43,130.26666666666668,102.96666666666667,21.8999996,99.24,-96.26666666666667,12069.333333333334,3.0,86.33333333333333,1.29,6974.266666666666,130.83524233333333,33:44.3,05:18.4,62000.0,174.0,15.509463052342486,15,128.57142857142856,3.677380952380952
91,20230420_NISSAN_HERNANI_TOLOSA_042,d3,20/04/2023 07:16,114.1875,94.725,13.65625,99.25,-609.25,11897.5,3.0,81.5,1.385625,6431.5625,114.6068384375,03:27.6,24:28.4,62000.0,174.0,-2.57911735607704,16,137.14285714285714,3.608571428571428
91,20230421_NISSAN_DONOSTIA_ULIA_056,d2,21/04/2023 07:44,65.28787878787878,37.871212121212125,13.477272772727273,99.23,-1140.0,4084.242424242424,3.0454545454545454,79.34848484848484,0.8992424242424243,2528.969696969697,65.85674042424242,01:37.4,06:35.4,62000.0,174.0,-0.6119388575094642,66,565.7142857142857,5.951190476190477
92,20230418_NISSAN_IRUN_ANDOAIN_014,d1,18/04/2023 11:18,120.52380952380952,99.28571428571429,18.26190580952381,99.27000000000001,-93.38095238095238,11251.42857142857,2.0,84.71428571428571,0.7495238095238095,6683.523809523809,121.11812385714286,15:34.9,33:01.3,62000.0,174.0,-2.932780463260637,21,180.0,4.964285714285715
92,20230419_NISSAN_HERNANI_TOLOSA_022,d4,19/04/2023 07:38,115.78947368421052,90.78421052631579,11.736841631578947,99.26,-502.5263157894737,9675.78947368421,3.0,78.0,1.1421052631578947,6205.9473684210525,116.03595389473685,26:51.9,45:35.1,62000.0,174.0,-2.264696198460649,19,162.85714285714286,4.106904761904762
92,20230420_NISSAN_BILBAO_EIBAR_052,d4,20/04/2023 13:40,141.8125,103.425,21.499998,99.24,-83.5,8932.5,3.0,85.8125,1.349375,7004.3125,142.384315625,33:44.3,05:18.4,62000.0,174.0,15.719342732063208,16,137.14285714285714,3.9399999999999995
92,20230420_NISSAN_HERNANI_TOLOSA_042,d3,20/04/2023 07:09,115.53846153846153,47.68076923076923,13.788461538461538,99.25,-505.86538461538464,4162.307692307692,3.0384615384615383,79.86538461538461,-0.06692307692307692,3284.7115384615386,117.16899501923078,03:27.6,24:28.4,62000.0,174.0,-2.4633210017667597,52,445.7142857142857,5.903333333333333
92,20230421_NISSAN_DONOSTIA_ULIA_056,d2,21/04/2023 07:40,107.17142857142858,62.68857142857143,13.128572171428571,99.23,-884.0571428571428,6782.857142857143,3.0,79.25714285714285,1.0354285714285716,4251.5142857142855,107.7510513142857,01:37.4,06:35.4,62000.0,174.0,1.8179796059977755,35,300.0,5.224047619047619
93,20230418_NISSAN_IRUN_ANDOAIN_014,d1,18/04/2023 11:15,98.1875,30.175,18.75,99.27,-34.8125,6497.5,2.0,77.0625,1.24625,1983.1875,110.300186125,15:34.9,33:01.3,62000.0,174.0,4.842461464887679,16,137.14285714285714,1.1495238095238094
93,20230419_NISSAN_HERNANI_TOLOSA_022,d4,19/04/2023 07:35,91.83333333333333,81.16666666666667,11.999999,99.26,-473.3333333333333,8180.0,3.0,76.61111111111111,0.8938888888888888,5524.611111111111,92.31642438888889,26:51.9,45:35.1,62000.0,174.0,-2.107980517250538,18,154.28571428571428,3.4785714285714286
93,20230420_NISSAN_BILBAO_EIBAR_052,d4,20/04/2023 13:38,106.3076923076923,97.9923076923077,21.96153784615385,99.24,-76.84615384615384,12446.153846153846,3.0,83.3076923076923,1.366923076923077,6659.153846153846,106.50026192307692,33:44.3,05:18.4,62000.0,174.0,14.408078166935546,13,111.42857142857143,3.0330952380952385
93,20230420_NISSAN_HERNANI_TOLOSA_042,d3,20/04/2023 07:08,137.25,103.675,13.5625,99.25,-338.0,21725.0,3.125,80.375,2.88,7072.75,139.008893875,03:27.6,24:28.4,62000.0,174.0,-2.5795648854422932,8,68.57142857142857,1.9747619047619045
93,20230421_NISSAN_DONOSTIA_ULIA_056,d2,21/04/2023 07:34,76.71052631578948,55.70526315789474,12.789474263157894,99.23,-695.2894736842105,7320.0,3.0,77.26315789473684,0.3986842105263158,3738.7368421052633,77.19898842105263,01:37.4,06:35.4,62000.0,174.0,-0.6842662735772973,38,325.7142857142857,5.04
94,20230419_NISSAN_HERNANI_TOLOSA_022,d4,19/04/2023 07:31,119.8076923076923,72.33461538461539,11.903845346153846,99.26,-352.0769230769231,8381.538461538461,3.076923076923077,74.84615384615384,1.2623076923076924,4869.653846153846,120.2153703846154,26:51.9,45:35.1,62000.0,174.0,-2.9174597872219916,26,222.85714285714286,4.477857142857143
94,20230420_NISSAN_BILBAO_EIBAR_052,d4,20/04/2023 13:36,110.33333333333333,95.63333333333334,22.194444444444443,99.24,-48.388888888888886,10271.111111111111,3.0,79.5,1.3022222222222224,6432.0,110.75852783333333,33:44.3,05:18.4,62000.0,174.0,14.083678488954895,18,154.28571428571428,4.098571428571429
94,20230420_NISSAN_HERNANI_TOLOSA_042,d3,20/04/2023 07:03,101.21428571428571,33.0,13.5,99.25,-303.92857142857144,6220.0,3.0,76.35714285714286,1.7857142857142858,2179.464285714286,101.53686375,03:27.6,24:28.4,62000.0,174.0,-3.014424811488536,28,240.0,2.2
94,20230421_NISSAN_DONOSTIA_ULIA_056,d2,21/04/2023 07:30,73.14285714285714,61.68571428571429,12.785714857142855,99.23,-568.8571428571429,8341.42857142857,3.0714285714285716,74.67857142857143,1.1575000000000002,4241.642857142857,73.70322171428572,01:37.4,06:35.4,62000.0,174.0,-1.2035029340749337,28,240.0,4.112380952380953
95,20230419_NISSAN_HERNANI_TOLOSA_022,d4,19/04/2023 07:28,94.26923076923077,44.03076923076923,11.01923076923077,99.26,-256.84615384615387,6687.692307692308,3.0384615384615383,70.11538461538461,1.815,2888.653846153846,94.63621334615384,26:51.9,45:35.1,62000.0,174.0,-3.0887242329207782,26,222.85714285714286,2.725714285714286
95,20230420_NISSAN_BILBAO_EIBAR_052,d4,20/04/2023 13:33,119.23529411764706,55.61176470588235,22.294117647058822,99.24,-25.294117647058822,5600.0,3.0,74.6470588235294,1.54,3758.764705882353,119.768779,33:44.3,05:18.4,62000.0,174.0,6.104239829171953,17,145.71428571428572,2.250952380952381
95,20230420_NISSAN_DONOSTIA_HERNANI_041,d3,20/04/2023 06:54,136.72881355932202,33.122033898305084,13.898304949152543,99.25,-135.91525423728814,3583.0508474576272,3.0,73.44067796610169,0.5203389830508475,2280.7457627118642,137.40785861016948,54:48.3,03:27.6,62000.0,174.0,-0.17022142205769267,59,505.7142857142857,4.652857142857143
95,20230420_NISSAN_HERNANI_TOLOSA_042,d3,20/04/2023 07:03,89.5,17.05,13.5,99.25,-291.0,4560.0,3.0,75.0,5.984999999999999,1167.0,89.643425,03:27.6,24:28.4,62000.0,174.0,-3.215183843523083,2,17.142857142857142,0.08119047619047619
95,20230421_NISSAN_DONOSTIA_ULIA_056,d2,21/04/2023 07:22,72.63333333333334,37.09666666666667,12.5,99.23,-467.6666666666667,3712.0,3.0166666666666666,72.8,0.509,2558.95,73.14446981666667,01:37.4,06:35.4,62000.0,174.0,-0.19202823958020565,60,514.2857142857142,5.2995238095238095
96,20230419_NISSAN_DONOSTIA_HERNANI_021,d4,19/04/2023 07:18,132.8135593220339,33.23389830508474,11.601694440677967,99.26,-87.47457627118644,2897.6271186440677,3.0,62.91525423728814,0.6828813559322033,2279.915254237288,133.3863163559322,18:11.0,26:51.9,62000.0,174.0,1.9900291828921264,59,505.7142857142857,4.668571428571428
96,20230419_NISSAN_HERNANI_TOLOSA_022,d4,19/04/2023 07:26,83.625,10.8375,11.0,99.26,-223.0,1795.0,3.0,67.125,2.9175,895.75,84.14109325,26:51.9,45:35.1,62000.0,174.0,-3.8337326111437804,8,68.57142857142857,0.2064285714285714
96,20230421_NISSAN_DONOSTIA_ULIA_056,d2,21/04/2023 07:12,72.0958904109589,19.16849315068493,12.102738931506849,99.23,-269.6986301369863,2682.1917808219177,3.0136986301369864,68.9041095890411,1.2841095890410958,1296.876712328767,72.67924679452055,01:37.4,06:35.4,62000.0,174.0,-0.3523794622412039,73,625.7142857142857,3.3316666666666666
97,20230421_NISSAN_DONOSTIA_ULIA_056,d2,21/04/2023 07:01,141.57534246575344,23.95205479452055,11.58904091780822,99.23,-88.0,1699.7260273972602,3.0,64.36986301369863,0.6287671232876713,1634.86301369863,142.11963827397258,01:37.4,06:35.4,62000.0,174.0,-0.9315339081793454,73,625.7142857142857,4.163095238095238
